#pragma once
const uint8_t FiraSans20Bitmaps[24096] = {
    0xF2, 0xFF, 0x1F, 0xF2, 0xFF, 0x0F, 0xF1, 0xFF, 0x0F, 0xF1, 0xFF, 0x0F, 0xF1, 0xFF, 0x0F, 0xF0,
    0xFF, 0x0F, 0xF0, 0xFF, 0x0F, 0xF0, 0xFF, 0x0E, 0xF0, 0xFF, 0x0E, 0xF0, 0xFF, 0x0E, 0xE0, 0xFF,
    0x0D, 0xE0, 0xFF, 0x0D, 0xE0, 0xFF, 0x0D, 0xD0, 0xFF, 0x0C, 0xD0, 0xFF, 0x0C, 0xD0, 0xFF, 0x0C,
    0xC0, 0xFF, 0x0B, 0xC0, 0xFF, 0x0B, 0xB0, 0xFF, 0x0B, 0xB0, 0xFF, 0x0A, 0x00, 0x00, 0x00, 0x00,
    0x00, 0x00, 0x00, 0x00, 0x00, 0x10, 0x66, 0x01, 0xE2, 0xFF, 0x2E, 0xFA, 0xFF, 0xBF, 0xFD, 0xFF,
    0xDF, 0xFA, 0xFF, 0xBF, 0xE2, 0xFF, 0x2E, 0x10, 0x66, 0x01, 0xF7, 0xFF, 0x09, 0x00, 0xFF, 0xFF,
    0x01, 0xF6, 0xFF, 0x08, 0x00, 0xFE, 0xFF, 0x00, 0xF5, 0xFF, 0x07, 0x00, 0xFD, 0xFF, 0x00, 0xF4,
    0xFF, 0x06, 0x00, 0xFC, 0xEF, 0x00, 0xF3, 0xFF, 0x05, 0x00, 0xFB, 0xDF, 0x00, 0xF3, 0xFF, 0x04,
    0x00, 0xFB, 0xCF, 0x00, 0xF2, 0xFF, 0x04, 0x00, 0xFA, 0xCF, 0x00, 0xF1, 0xFF, 0x03, 0x00, 0xF9,
    0xBF, 0x00, 0xF0, 0xFF, 0x02, 0x00, 0xF8, 0xAF, 0x00, 0xF0, 0xFF, 0x01, 0x00, 0xF7, 0x9F, 0x00,
    0xE0, 0xFF, 0x00, 0x00, 0xF6, 0x8F, 0x00, 0x00, 0x00, 0x00, 0x87, 0x28, 0x00, 0x00, 0x20, 0x88,
    0x07, 0x00, 0x00, 0x00, 0x00, 0xFF, 0x3F, 0x00, 0x00, 0x60, 0xFF, 0x0D, 0x00, 0x00, 0x00, 0x20,
    0xFF, 0x1F, 0x00, 0x00, 0x80, 0xFF, 0x0B, 0x00, 0x00, 0x00, 0x40, 0xFF, 0x0F, 0x00, 0x00, 0xA0,
    0xFF, 0x09, 0x00, 0x00, 0x00, 0x60, 0xFF, 0x0D, 0x00, 0x00, 0xC0, 0xFF, 0x07, 0x00, 0x00, 0x00,
    0x80, 0xFF, 0x0B, 0x00, 0x00, 0xE0, 0xFF, 0x05, 0x00, 0x00, 0x00, 0xB0, 0xFF, 0x09, 0x00, 0x00,
    0xF0, 0xFF, 0x03, 0x00, 0x00, 0xFD, 0xFF, 0xFF, 0xFF, 0xFF, 0xFF, 0xFF, 0xFF, 0xFF, 0x0F, 0x00,
    0xFD, 0xFF, 0xFF, 0xFF, 0xFF, 0xFF, 0xFF, 0xFF, 0xFF, 0x0F, 0x00, 0xFD, 0xFF, 0xFF, 0xFF, 0xFF,
    0xFF, 0xFF, 0xFF, 0xFF, 0x0F, 0x00, 0x21, 0xF4, 0xFF, 0x23, 0x22, 0x22, 0xF9, 0xCF, 0x22, 0x02,
    0x00, 0x00, 0xF4, 0xFF, 0x00, 0x00, 0x00, 0xFA, 0x9F, 0x00, 0x00, 0x00, 0x00, 0xF7, 0xDF, 0x00,
    0x00, 0x00, 0xFC, 0x7F, 0x00, 0x00, 0x00, 0x00, 0xF9, 0xAF, 0x00, 0x00, 0x00, 0xFE, 0x5F, 0x00,
    0x00, 0x00, 0x00, 0xFB, 0x8F, 0x00, 0x00, 0x00, 0xFF, 0x3F, 0x00, 0x00, 0x00, 0x00, 0xFD, 0x6F,
    0x00, 0x00, 0x20, 0xFF, 0x1F, 0x00, 0x00, 0x00, 0x00, 0xFF, 0x4F, 0x00, 0x00, 0x40, 0xFF, 0x0F,
    0x00, 0x00, 0x00, 0x10, 0xFF, 0x2F, 0x00, 0x00, 0x60, 0xFF, 0x0D, 0x00, 0x00, 0x00, 0x30, 0xFF,
    0x0F, 0x00, 0x00, 0x80, 0xFF, 0x0B, 0x00, 0x00, 0xF6, 0xFF, 0xFF, 0xFF, 0xFF, 0xFF, 0xFF, 0xFF,
    0xFF, 0x6F, 0x00, 0xF6, 0xFF, 0xFF, 0xFF, 0xFF, 0xFF, 0xFF, 0xFF, 0xFF, 0x6F, 0x00, 0xF6, 0xFF,
    0xFF, 0xFF, 0xFF, 0xFF, 0xFF, 0xFF, 0xFF, 0x6F, 0x00, 0x20, 0xC2, 0xFF, 0x28, 0x22, 0x22, 0xF3,
    0xFF, 0x24, 0x02, 0x00, 0x00, 0xE0, 0xFF, 0x05, 0x00, 0x00, 0xF3, 0xFF, 0x00, 0x00, 0x00, 0x00,
    0xF0, 0xFF, 0x03, 0x00, 0x00, 0xF5, 0xEF, 0x00, 0x00, 0x00, 0x00, 0xF2, 0xFF, 0x01, 0x00, 0x00,
    0xF7, 0xCF, 0x00, 0x00, 0x00, 0x00, 0xF4, 0xFF, 0x00, 0x00, 0x00, 0xF9, 0xAF, 0x00, 0x00, 0x00,
    0x00, 0xF6, 0xDF, 0x00, 0x00, 0x00, 0xFB, 0x8F, 0x00, 0x00, 0x00, 0x00, 0xF8, 0xBF, 0x00, 0x00,
    0x00, 0xFD, 0x6F, 0x00, 0x00, 0x00, 0x00, 0x00, 0x00, 0x00, 0xF6, 0xEF, 0x00, 0x00, 0x00, 0x00,
    0x00, 0x00, 0x00, 0x00, 0xF6, 0xEF, 0x00, 0x00, 0x00, 0x00, 0x00, 0x00, 0x00, 0x00, 0xF6, 0xEF,
    0x00, 0x00, 0x00, 0x00, 0x00, 0x00, 0x00, 0x00, 0xF6, 0xEF, 0x00, 0x00, 0x00, 0x00, 0x00, 0x00,
    0x00, 0x00, 0xF6, 0xEF, 0x00, 0x00, 0x00, 0x00, 0x00, 0x00, 0x00, 0x00, 0xF6, 0xEF, 0x00, 0x00,
    0x00, 0x00, 0x00, 0x00, 0x20, 0xC8, 0xFF, 0xFF, 0xAD, 0x05, 0x00, 0x00, 0x00, 0x00, 0xF9, 0xFF,
    0xFF, 0xFF, 0xFF, 0xDF, 0x04, 0x00, 0x00, 0xC0, 0xFF, 0xFF, 0xFF, 0xFF, 0xFF, 0xFF, 0x8F, 0x00,
    0x00, 0xFA, 0xFF, 0x8F, 0x03, 0x20, 0xB6, 0xFF, 0xFF, 0x05, 0x30, 0xFF, 0xEF, 0x02, 0x00, 0x00,
    0x00, 0xE4, 0x9F, 0x00, 0x90, 0xFF, 0x7F, 0x00, 0x00, 0x00, 0x00, 0x20, 0x09, 0x00, 0xC0, 0xFF,
    0x2F, 0x00, 0x00, 0x00, 0x00, 0x00, 0x00, 0x00, 0xC0, 0xFF, 0x2F, 0x00, 0x00, 0x00, 0x00, 0x00,
    0x00, 0x00, 0xB0, 0xFF, 0x5F, 0x00, 0x00, 0x00, 0x00, 0x00, 0x00, 0x00, 0x80, 0xFF, 0xDF, 0x00,
    0x00, 0x00, 0x00, 0x00, 0x00, 0x00, 0x30, 0xFF, 0xFF, 0x3D, 0x00, 0x00, 0x00, 0x00, 0x00, 0x00,
    0x00, 0xFA, 0xFF, 0xFF, 0x4B, 0x00, 0x00, 0x00, 0x00, 0x00, 0x00, 0xB0, 0xFF, 0xFF, 0xFF, 0x9E,
    0x03, 0x00, 0x00, 0x00, 0x00, 0x00, 0xF8, 0xFF, 0xFF, 0xFF, 0xDF, 0x06, 0x00, 0x00, 0x00, 0x00,
    0x20, 0xF9, 0xFF, 0xFF, 0xFF, 0xDF, 0x03, 0x00, 0x00, 0x00, 0x00, 0x10, 0xB6, 0xFF, 0xFF, 0xFF,
    0x5F, 0x00, 0x00, 0x00, 0x00, 0x00, 0x00, 0x71, 0xFE, 0xFF, 0xFF, 0x02, 0x00, 0x00, 0x00, 0x00,
    0x00, 0x00, 0x70, 0xFF, 0xFF, 0x0B, 0x00, 0x00, 0x00, 0x00, 0x00, 0x00, 0x00, 0xF6, 0xFF, 0x1F,
    0x00, 0x00, 0x00, 0x00, 0x00, 0x00, 0x00, 0xD0, 0xFF, 0x5F, 0x00, 0x00, 0x00, 0x00, 0x00, 0x00,
    0x00, 0x90, 0xFF, 0x6F, 0x00, 0x00, 0x00, 0x00, 0x00, 0x00, 0x00, 0x90, 0xFF, 0x6F, 0x00, 0x00,
    0x00, 0x00, 0x00, 0x00, 0x00, 0xB0, 0xFF, 0x5F, 0x00, 0x05, 0x00, 0x00, 0x00, 0x00, 0x00, 0xF1,
    0xFF, 0x2F, 0xA0, 0x9F, 0x00, 0x00, 0x00, 0x00, 0x00, 0xFB, 0xFF, 0x0C, 0xF9, 0xFF, 0x7E, 0x01,
    0x00, 0x00, 0xC3, 0xFF, 0xFF, 0x04, 0xF5, 0xFF, 0xFF, 0xDF, 0xAB, 0xEB, 0xFF, 0xFF, 0x8F, 0x00,
    0x30, 0xFD, 0xFF, 0xFF, 0xFF, 0xFF, 0xFF, 0xFF, 0x08, 0x00, 0x00, 0x60, 0xFC, 0xFF, 0xFF, 0xFF,
    0xFF, 0x3B, 0x00, 0x00, 0x00, 0x00, 0x10, 0x64, 0xFB, 0xFF, 0x15, 0x00, 0x00, 0x00, 0x00, 0x00,
    0x00, 0x00, 0xF6, 0xEF, 0x00, 0x00, 0x00, 0x00, 0x00, 0x00, 0x00, 0x00, 0xF6, 0xEF, 0x00, 0x00,
    0x00, 0x00, 0x00, 0x00, 0x00, 0x00, 0xF6, 0xEF, 0x00, 0x00, 0x00, 0x00, 0x00, 0x00, 0x00, 0x00,
    0xF6, 0xEF, 0x00, 0x00, 0x00, 0x00, 0x00, 0x00, 0x00, 0x00, 0xF6, 0xEF, 0x00, 0x00, 0x00, 0x00,
    0x00, 0x00, 0x00, 0x00, 0xF6, 0xEF, 0x00, 0x00, 0x00, 0x00, 0x00, 0x00, 0x00, 0x00, 0x00, 0x00,
    0x00, 0x00, 0x00, 0x00, 0x00, 0x00, 0x01, 0x00, 0x00, 0x00, 0x00, 0x00, 0x00, 0x00, 0x00, 0x00,
    0x00, 0x00, 0x00, 0x00, 0x00, 0x00, 0xAE, 0x01, 0x00, 0x00, 0x00, 0x00, 0xA4, 0xFE, 0xBE, 0x06,
    0x00, 0x00, 0x00, 0x00, 0x00, 0x90, 0xFF, 0x0E, 0x00, 0x00, 0x00, 0x90, 0xFF, 0xFF, 0xFF, 0xCF,
    0x01, 0x00, 0x00, 0x00, 0x00, 0xF3, 0xFF, 0x09, 0x00, 0x00, 0x00, 0xF9, 0xFF, 0xFF, 0xFF, 0xFF,
    0x0D, 0x00, 0x00, 0x00, 0x00, 0xFD, 0xEF, 0x00, 0x00, 0x00, 0x30, 0xFF, 0xDF, 0x25, 0xA4, 0xFF,
    0x8F, 0x00, 0x00, 0x00, 0x80, 0xFF, 0x4F, 0x00, 0x00, 0x00, 0xA0, 0xFF, 0x1E, 0x00, 0x00, 0xFB,
    0xEF, 0x00, 0x00, 0x00, 0xF3, 0xFF, 0x0A, 0x00, 0x00, 0x00, 0xE0, 0xFF, 0x09, 0x00, 0x00, 0xF5,
    0xFF, 0x03, 0x00, 0x00, 0xFD, 0xEF, 0x01, 0x00, 0x00, 0x00, 0xF0, 0xFF, 0x05, 0x00, 0x00, 0xF1,
    0xFF, 0x05, 0x00, 0x80, 0xFF, 0x5F, 0x00, 0x00, 0x00, 0x00, 0xF1, 0xFF, 0x04, 0x00, 0x00, 0xF0,
    0xFF, 0x06, 0x00, 0xF2, 0xFF, 0x0B, 0x00, 0x00, 0x00, 0x00, 0xF0, 0xFF, 0x05, 0x00, 0x00, 0xF0,
    0xFF, 0x05, 0x00, 0xFC, 0xFF, 0x01, 0x00, 0x00, 0x00, 0x00, 0xE0, 0xFF, 0x08, 0x00, 0x00, 0xF3,
    0xFF, 0x02, 0x70, 0xFF, 0x6F, 0x00, 0x00, 0x00, 0x00, 0x00, 0x90, 0xFF, 0x0E, 0x00, 0x00, 0xF9,
    0xEF, 0x00, 0xF2, 0xFF, 0x0B, 0x00, 0x00, 0x00, 0x00, 0x00, 0x20, 0xFF, 0xBF, 0x02, 0x81, 0xFF,
    0x7F, 0x00, 0xFC, 0xFF, 0x02, 0x00, 0x00, 0x00, 0x00, 0x00, 0x00, 0xF7, 0xFF, 0xFF, 0xFF, 0xFF,
    0x0C, 0x60, 0xFF, 0x7F, 0x00, 0x00, 0x00, 0x00, 0x00, 0x00, 0x00, 0x70, 0xFF, 0xFF, 0xFF, 0xAF,
    0x00, 0xF1, 0xFF, 0x0C, 0x00, 0x00, 0x00, 0x00, 0x00, 0x00, 0x00, 0x00, 0x82, 0xDC, 0x9C, 0x04,
    0x00, 0xFB, 0xFF, 0x02, 0x00, 0x00, 0x11, 0x00, 0x00, 0x00, 0x00, 0x00, 0x00, 0x00, 0x00, 0x00,
    0x50, 0xFF, 0x8F, 0x00, 0x50, 0xFC, 0xFF, 0x9E, 0x02, 0x00, 0x00, 0x00, 0x00, 0x00, 0x00, 0x00,
    0xE1, 0xFF, 0x0D, 0x00, 0xFA, 0xFF, 0xFF, 0xFF, 0x4F, 0x00, 0x00, 0x00, 0x00, 0x00, 0x00, 0x00,
    0xFA, 0xFF, 0x03, 0x90, 0xFF, 0xFF, 0xFF, 0xFF, 0xFF, 0x03, 0x00, 0x00, 0x00, 0x00, 0x00, 0x50,
    0xFF, 0x9F, 0x00, 0xF3, 0xFF, 0x3C, 0x10, 0xF6, 0xFF, 0x0C, 0x00, 0x00, 0x00, 0x00, 0x00, 0xE1,
    0xFF, 0x0E, 0x00, 0xF9, 0xFF, 0x01, 0x00, 0x70, 0xFF, 0x2F, 0x00, 0x00, 0x00, 0x00, 0x00, 0xF9,
    0xFF, 0x04, 0x00, 0xFD, 0xAF, 0x00, 0x00, 0x10, 0xFF, 0x6F, 0x00, 0x00, 0x00, 0x00, 0x40, 0xFF,
    0xAF, 0x00, 0x00, 0xFF, 0x7F, 0x00, 0x00, 0x00, 0xFE, 0x7F, 0x00, 0x00, 0x00, 0x00, 0xE0, 0xFF,
    0x1E, 0x00, 0x00, 0xFF, 0x7F, 0x00, 0x00, 0x00, 0xFD, 0x8F, 0x00, 0x00, 0x00, 0x00, 0xF9, 0xFF,
    0x05, 0x00, 0x00, 0xFE, 0x9F, 0x00, 0x00, 0x00, 0xFF, 0x7F, 0x00, 0x00, 0x00, 0x30, 0xFF, 0xBF,
    0x00, 0x00, 0x00, 0xFB, 0xEF, 0x00, 0x00, 0x30, 0xFF, 0x3F, 0x00, 0x00, 0x00, 0xD0, 0xFF, 0x1F,
    0x00, 0x00, 0x00, 0xF6, 0xFF, 0x08, 0x00, 0xD1, 0xFF, 0x0E, 0x00, 0x00, 0x00, 0xF8, 0xFF, 0x06,
    0x00, 0x00, 0x00, 0xD0, 0xFF, 0xDF, 0xBA, 0xFF, 0xFF, 0x06, 0x00, 0x00, 0x30, 0xFF, 0xBF, 0x00,
    0x00, 0x00, 0x00, 0x20, 0xFE, 0xFF, 0xFF, 0xFF, 0xAF, 0x00, 0x00, 0x00, 0x70, 0xFF, 0x2F, 0x00,
    0x00, 0x00, 0x00, 0x00, 0xB1, 0xFF, 0xFF, 0xFF, 0x07, 0x00, 0x00, 0x00, 0x00, 0xE4, 0x07, 0x00,
    0x00, 0x00, 0x00, 0x00, 0x00, 0x62, 0x77, 0x04, 0x00, 0x00, 0x00, 0x00, 0x00, 0x10, 0x00, 0x00,
    0x00, 0x00, 0x00, 0x00, 0x00, 0x00, 0x00, 0x00, 0x00, 0x00, 0x00, 0x00, 0x00, 0x40, 0x76, 0x46,
    0x00, 0x00, 0x00, 0x00, 0x00, 0x00, 0x00, 0x00, 0x00, 0x91, 0xFF, 0xFF, 0xFF, 0xAF, 0x01, 0x00,
    0x00, 0x00, 0x00, 0x00, 0x00, 0x10, 0xFE, 0xFF, 0xFF, 0xFF, 0xFF, 0x4F, 0x00, 0x00, 0x00, 0x00,
    0x00, 0x00, 0xD0, 0xFF, 0xFF, 0xAD, 0xFC, 0xFF, 0xFF, 0x02, 0x00, 0x00, 0x00, 0x00, 0x00, 0xF5,
    0xFF, 0x3E, 0x00, 0x10, 0xFB, 0xFF, 0x0A, 0x00, 0x00, 0x00, 0x00, 0x00, 0xFA, 0xFF, 0x05, 0x00,
    0x00, 0xE0, 0xFF, 0x0F, 0x00, 0x00, 0x00, 0x00, 0x00, 0xFD, 0xFF, 0x00, 0x00, 0x00, 0xA0, 0xFF,
    0x2F, 0x00, 0x00, 0x00, 0x00, 0x00, 0xFD, 0xEF, 0x00, 0x00, 0x00, 0x90, 0xFF, 0x2F, 0x00, 0x00,
    0x00, 0x00, 0x00, 0xFB, 0xFF, 0x01, 0x00, 0x00, 0xB0, 0xFF, 0x0F, 0x00, 0x00, 0x00, 0x00, 0x00,
    0xF7, 0xFF, 0x07, 0x00, 0x00, 0xF3, 0xFF, 0x0B, 0x00, 0x00, 0x00, 0x00, 0x00, 0xF1, 0xFF, 0x2F,
    0x00, 0x10, 0xFD, 0xFF, 0x03, 0x00, 0x00, 0x00, 0x00, 0x00, 0x60, 0xFF, 0xDF, 0x01, 0xE3, 0xFF,
    0x6F, 0x00, 0x00, 0x00, 0x00, 0x00, 0x00, 0x00, 0xFA, 0xFF, 0x8D, 0xFF, 0xFF, 0x06, 0x00, 0x00,
    0x00, 0x00, 0x00, 0x00, 0x00, 0xB0, 0xFF, 0xFF, 0xFF, 0x4E, 0x00, 0x00, 0x00, 0x00, 0x00, 0x00,
    0x00, 0x00, 0x20, 0xFF, 0xFF, 0xBF, 0x01, 0x00, 0x00, 0x00, 0x30, 0x00, 0x00, 0x00, 0x00, 0xF6,
    0xFF, 0xFF, 0xEF, 0x03, 0x00, 0x00, 0x00, 0xF1, 0xBF, 0x04, 0x00, 0x80, 0xFF, 0xFF, 0xFB, 0xFF,
    0x3F, 0x00, 0x00, 0x00, 0xF6, 0xFF, 0x07, 0x00, 0xF9, 0xFF, 0x2D, 0x80, 0xFF, 0xFF, 0x04, 0x00,
    0x00, 0xFA, 0xFF, 0x02, 0x50, 0xFF, 0xDF, 0x01, 0x00, 0xF8, 0xFF, 0x5F, 0x00, 0x00, 0xFF, 0xCF,
    0x00, 0xE0, 0xFF, 0x3F, 0x00, 0x00, 0x70, 0xFF, 0xFF, 0x06, 0x60, 0xFF, 0x5F, 0x00, 0xF4, 0xFF,
    0x0B, 0x00, 0x00, 0x00, 0xF6, 0xFF, 0x7F, 0xD0, 0xFF, 0x0D, 0x00, 0xF8, 0xFF, 0x07, 0x00, 0x00,
    0x00, 0x50, 0xFF, 0xFF, 0xFB, 0xFF, 0x06, 0x00, 0xF9, 0xFF, 0x05, 0x00, 0x00, 0x00, 0x00, 0xF4,
    0xFF, 0xFF, 0xDF, 0x00, 0x00, 0xF9, 0xFF, 0x06, 0x00, 0x00, 0x00, 0x00, 0x40, 0xFF, 0xFF, 0x4F,
    0x00, 0x00, 0xF6, 0xFF, 0x0B, 0x00, 0x00, 0x00, 0x00, 0x00, 0xF9, 0xFF, 0xBF, 0x00, 0x00, 0xF1,
    0xFF, 0x5F, 0x00, 0x00, 0x00, 0x00, 0x90, 0xFF, 0xFF, 0xFF, 0x1C, 0x00, 0x90, 0xFF, 0xFF, 0x18,
    0x00, 0x00, 0x50, 0xFD, 0xFF, 0xED, 0xFF, 0xDF, 0x01, 0x00, 0xFC, 0xFF, 0xFF, 0xAC, 0xCA, 0xFF,
    0xFF, 0xCF, 0x21, 0xFE, 0xFF, 0x1D, 0x00, 0xB1, 0xFF, 0xFF, 0xFF, 0xFF, 0xFF, 0xFF, 0x09, 0x00,
    0xE2, 0xFF, 0x5F, 0x00, 0x00, 0xC5, 0xFF, 0xFF, 0xFF, 0xEF, 0x29, 0x00, 0x00, 0x20, 0xEE, 0x04,
    0x00, 0x00, 0x00, 0x41, 0x76, 0x56, 0x03, 0x00, 0x00, 0x00, 0x00, 0x22, 0x00, 0xF7, 0xFF, 0x09,
    0xF6, 0xFF, 0x08, 0xF5, 0xFF, 0x07, 0xF4, 0xFF, 0x06, 0xF3, 0xFF, 0x05, 0xF3, 0xFF, 0x04, 0xF2,
    0xFF, 0x04, 0xF1, 0xFF, 0x03, 0xF0, 0xFF, 0x02, 0xF0, 0xFF, 0x01, 0xE0, 0xFF, 0x00, 0x00, 0x00,
    0x00, 0x00, 0x00, 0x00, 0x00, 0x00, 0x00, 0x20, 0x7E, 0x00, 0x00, 0x00, 0x00, 0xC0, 0xFF, 0x09,
    0x00, 0x00, 0x00, 0xF7, 0xFF, 0x02, 0x00, 0x00, 0x20, 0xFF, 0x8F, 0x00, 0x00, 0x00, 0xB0, 0xFF,
    0x0D, 0x00, 0x00, 0x00, 0xF5, 0xFF, 0x05, 0x00, 0x00, 0x00, 0xFE, 0xCF, 0x00, 0x00, 0x00, 0x70,
    0xFF, 0x4F, 0x00, 0x00, 0x00, 0xE0, 0xFF, 0x0D, 0x00, 0x00, 0x00, 0xF5, 0xFF, 0x06, 0x00, 0x00,
    0x00, 0xFB, 0xFF, 0x01, 0x00, 0x00, 0x10, 0xFF, 0xCF, 0x00, 0x00, 0x00, 0x50, 0xFF, 0x8F, 0x00,
    0x00, 0x00, 0x90, 0xFF, 0x4F, 0x00, 0x00, 0x00, 0xD0, 0xFF, 0x1F, 0x00, 0x00, 0x00, 0xF0, 0xFF,
    0x0F, 0x00, 0x00, 0x00, 0xF1, 0xFF, 0x0D, 0x00, 0x00, 0x00, 0xF3, 0xFF, 0x0C, 0x00, 0x00, 0x00,
    0xF4, 0xFF, 0x0B, 0x00, 0x00, 0x00, 0xF4, 0xFF, 0x0B, 0x00, 0x00, 0x00, 0xF5, 0xFF, 0x0A, 0x00,
    0x00, 0x00, 0xF4, 0xFF, 0x0B, 0x00, 0x00, 0x00, 0xF4, 0xFF, 0x0B, 0x00, 0x00, 0x00, 0xF3, 0xFF,
    0x0C, 0x00, 0x00, 0x00, 0xF1, 0xFF, 0x0D, 0x00, 0x00, 0x00, 0xF0, 0xFF, 0x0F, 0x00, 0x00, 0x00,
    0xC0, 0xFF, 0x2F, 0x00, 0x00, 0x00, 0x90, 0xFF, 0x5F, 0x00, 0x00, 0x00, 0x50, 0xFF, 0x9F, 0x00,
    0x00, 0x00, 0x00, 0xFF, 0xDF, 0x00, 0x00, 0x00, 0x00, 0xFA, 0xFF, 0x02, 0x00, 0x00, 0x00, 0xF4,
    0xFF, 0x07, 0x00, 0x00, 0x00, 0xD0, 0xFF, 0x0E, 0x00, 0x00, 0x00, 0x50, 0xFF, 0x5F, 0x00, 0x00,
    0x00, 0x00, 0xFD, 0xDF, 0x00, 0x00, 0x00, 0x00, 0xF4, 0xFF, 0x06, 0x00, 0x00, 0x00, 0xA0, 0xFF,
    0x1E, 0x00, 0x00, 0x00, 0x10, 0xFE, 0x9F, 0x00, 0x00, 0x00, 0x00, 0xF5, 0xFF, 0x04, 0x00, 0x00,
    0x00, 0xA0, 0xFF, 0x08, 0x00, 0x00, 0x00, 0x10, 0x4C, 0x00, 0x00, 0x00, 0x00, 0x00, 0x00, 0x00,
    0x00, 0x00, 0x00, 0x00, 0x00, 0x00, 0x20, 0x9C, 0x00, 0x00, 0x00, 0x00, 0xF1, 0xFF, 0x04, 0x00,
    0x00, 0x00, 0xA0, 0xFF, 0x0E, 0x00, 0x00, 0x00, 0x10, 0xFE, 0x9F, 0x00, 0x00, 0x00, 0x00, 0xF6,
    0xFF, 0x03, 0x00, 0x00, 0x00, 0xD0, 0xFF, 0x0D, 0x00, 0x00, 0x00, 0x40, 0xFF, 0x7F, 0x00, 0x00,
    0x00, 0x00, 0xFC, 0xEF, 0x00, 0x00, 0x00, 0x00, 0xF5, 0xFF, 0x07, 0x00, 0x00, 0x00, 0xE0, 0xFF,
    0x0D, 0x00, 0x00, 0x00, 0x90, 0xFF, 0x3F, 0x00, 0x00, 0x00, 0x40, 0xFF, 0x9F, 0x00, 0x00, 0x00,
    0x00, 0xFF, 0xDF, 0x00, 0x00, 0x00, 0x00, 0xFC, 0xFF, 0x01, 0x00, 0x00, 0x00, 0xF9, 0xFF, 0x05,
    0x00, 0x00, 0x00, 0xF7, 0xFF, 0x07, 0x00, 0x00, 0x00, 0xF5, 0xFF, 0x09, 0x00, 0x00, 0x00, 0xF4,
    0xFF, 0x0B, 0x00, 0x00, 0x00, 0xF3, 0xFF, 0x0C, 0x00, 0x00, 0x00, 0xF3, 0xFF, 0x0C, 0x00, 0x00,
    0x00, 0xF2, 0xFF, 0x0D, 0x00, 0x00, 0x00, 0xF3, 0xFF, 0x0C, 0x00, 0x00, 0x00, 0xF3, 0xFF, 0x0C,
    0x00, 0x00, 0x00, 0xF4, 0xFF, 0x0A, 0x00, 0x00, 0x00, 0xF5, 0xFF, 0x09, 0x00, 0x00, 0x00, 0xF7,
    0xFF, 0x07, 0x00, 0x00, 0x00, 0xFA, 0xFF, 0x04, 0x00, 0x00, 0x00, 0xFD, 0xFF, 0x01, 0x00, 0x00,
    0x10, 0xFF, 0xDF, 0x00, 0x00, 0x00, 0x50, 0xFF, 0x7F, 0x00, 0x00, 0x00, 0xA0, 0xFF, 0x2F, 0x00,
    0x00, 0x00, 0xF0, 0xFF, 0x0C, 0x00, 0x00, 0x00, 0xF6, 0xFF, 0x05, 0x00, 0x00, 0x00, 0xFD, 0xDF,
    0x00, 0x00, 0x00, 0x60, 0xFF, 0x5F, 0x00, 0x00, 0x00, 0xE0, 0xFF, 0x0C, 0x00, 0x00, 0x00, 0xF7,
    0xFF, 0x02, 0x00, 0x00, 0x20, 0xFF, 0x7F, 0x00, 0x00, 0x00, 0xC0, 0xFF, 0x0C, 0x00, 0x00, 0x00,
    0xE1, 0xFF, 0x02, 0x00, 0x00, 0x00, 0x10, 0x7A, 0x00, 0x00, 0x00, 0x00, 0x00, 0x00, 0x00, 0x00,
    0x00, 0x00, 0x00, 0x00, 0x00, 0xB0, 0xFF, 0x0F, 0x00, 0x00, 0x00, 0x00, 0x00, 0x00, 0x90, 0xFF,
    0x0D, 0x00, 0x00, 0x00, 0x00, 0x00, 0x00, 0x80, 0xFF, 0x0C, 0x00, 0x00, 0x00, 0x00, 0x00, 0x00,
    0x60, 0xFF, 0x0A, 0x00, 0x00, 0x00, 0x20, 0x3A, 0x00, 0x50, 0xFF, 0x09, 0x00, 0x92, 0x06, 0x80,
    0xFF, 0x5C, 0x30, 0xFF, 0x07, 0xA3, 0xFF, 0x0C, 0xD0, 0xFF, 0xFF, 0x9E, 0xFF, 0xCA, 0xFF, 0xFF,
    0x1F, 0xB0, 0xFF, 0xFF, 0xFF, 0xFF, 0xFF, 0xFF, 0xFF, 0x3C, 0x00, 0x30, 0xA6, 0xFD, 0xFF, 0xEF,
    0x7B, 0x03, 0x00, 0x00, 0x00, 0x00, 0xF4, 0xFF, 0x8F, 0x00, 0x00, 0x00, 0x00, 0x00, 0x20, 0xFF,
    0xDF, 0xFF, 0x06, 0x00, 0x00, 0x00, 0x00, 0xE1, 0xFF, 0x48, 0xFF, 0x4F, 0x00, 0x00, 0x00, 0x00,
    0xFC, 0xEF, 0x01, 0xFB, 0xFF, 0x03, 0x00, 0x00, 0xB0, 0xFF, 0x6F, 0x00, 0xF2, 0xFF, 0x1E, 0x00,
    0x00, 0x70, 0xFF, 0x0D, 0x00, 0x90, 0xFF, 0x0A, 0x00, 0x00, 0x00, 0xE3, 0x04, 0x00, 0x10, 0x6E,
    0x00, 0x00, 0x00, 0x00, 0x00, 0x00, 0x00, 0x00, 0x00, 0x00, 0x00, 0x00, 0x00, 0x00, 0xF6, 0xFF,
    0x02, 0x00, 0x00, 0x00, 0x00, 0x00, 0x00, 0xF6, 0xFF, 0x02, 0x00, 0x00, 0x00, 0x00, 0x00, 0x00,
    0xF6, 0xFF, 0x02, 0x00, 0x00, 0x00, 0x00, 0x00, 0x00, 0xF6, 0xFF, 0x02, 0x00, 0x00, 0x00, 0x00,
    0x00, 0x00, 0xF6, 0xFF, 0x02, 0x00, 0x00, 0x00, 0x00, 0x00, 0x00, 0xF6, 0xFF, 0x02, 0x00, 0x00,
    0x00, 0x20, 0x22, 0x22, 0xF7, 0xFF, 0x23, 0x22, 0x22, 0x00, 0xF6, 0xFF, 0xFF, 0xFF, 0xFF, 0xFF,
    0xFF, 0xFF, 0x03, 0xF6, 0xFF, 0xFF, 0xFF, 0xFF, 0xFF, 0xFF, 0xFF, 0x03, 0xF6, 0xFF, 0xFF, 0xFF,
    0xFF, 0xFF, 0xFF, 0xFF, 0x03, 0x00, 0x00, 0x00, 0xF6, 0xFF, 0x02, 0x00, 0x00, 0x00, 0x00, 0x00,
    0x00, 0xF6, 0xFF, 0x02, 0x00, 0x00, 0x00, 0x00, 0x00, 0x00, 0xF6, 0xFF, 0x02, 0x00, 0x00, 0x00,
    0x00, 0x00, 0x00, 0xF6, 0xFF, 0x02, 0x00, 0x00, 0x00, 0x00, 0x00, 0x00, 0xF6, 0xFF, 0x02, 0x00,
    0x00, 0x00, 0x00, 0x00, 0x00, 0xF6, 0xFF, 0x02, 0x00, 0x00, 0x00, 0x00, 0xE8, 0x8E, 0x00, 0x80,
    0xFF, 0xFF, 0x07, 0xD0, 0xFF, 0xFF, 0x0C, 0xD0, 0xFF, 0xFF, 0x0C, 0x60, 0xFF, 0xFF, 0x09, 0x00,
    0xFD, 0xFF, 0x03, 0x10, 0xFF, 0xCF, 0x00, 0x40, 0xFF, 0x5F, 0x00, 0x80, 0xFF, 0x0E, 0x00, 0xC0,
    0xFF, 0x07, 0x00, 0xF0, 0xFF, 0x00, 0x00, 0xF4, 0x8F, 0x00, 0x00, 0x21, 0x22, 0x22, 0x22, 0x22,
    0x22, 0x00, 0xF8, 0xFF, 0xFF, 0xFF, 0xFF, 0xFF, 0x04, 0xF8, 0xFF, 0xFF, 0xFF, 0xFF, 0xFF, 0x04,
    0xF8, 0xFF, 0xFF, 0xFF, 0xFF, 0xFF, 0x04, 0x10, 0x66, 0x01, 0xE3, 0xFF, 0x2E, 0xFB, 0xFF, 0xAF,
    0xFE, 0xFF, 0xDF, 0xFB, 0xFF, 0xAF, 0xE2, 0xFF, 0x2E, 0x10, 0x66, 0x01, 0x00, 0x00, 0x00, 0x00,
    0x00, 0x48, 0x01, 0x00, 0x00, 0x00, 0x00, 0x30, 0xFF, 0x2F, 0x00, 0x00, 0x00, 0x00, 0x80, 0xFF,
    0x0E, 0x00, 0x00, 0x00, 0x00, 0xC0, 0xFF, 0x0A, 0x00, 0x00, 0x00, 0x00, 0xF0, 0xFF, 0x06, 0x00,
    0x00, 0x00, 0x00, 0xF4, 0xFF, 0x02, 0x00, 0x00, 0x00, 0x00, 0xF8, 0xEF, 0x00, 0x00, 0x00, 0x00,
    0x00, 0xFC, 0xAF, 0x00, 0x00, 0x00, 0x00, 0x10, 0xFF, 0x6F, 0x00, 0x00, 0x00, 0x00, 0x50, 0xFF,
    0x2F, 0x00, 0x00, 0x00, 0x00, 0x90, 0xFF, 0x0D, 0x00, 0x00, 0x00, 0x00, 0xD0, 0xFF, 0x09, 0x00,
    0x00, 0x00, 0x00, 0xF1, 0xFF, 0x05, 0x00, 0x00, 0x00, 0x00, 0xF5, 0xFF, 0x01, 0x00, 0x00, 0x00,
    0x00, 0xFA, 0xDF, 0x00, 0x00, 0x00, 0x00, 0x00, 0xFE, 0x9F, 0x00, 0x00, 0x00, 0x00, 0x20, 0xFF,
    0x5F, 0x00, 0x00, 0x00, 0x00, 0x60, 0xFF, 0x1F, 0x00, 0x00, 0x00, 0x00, 0xA0, 0xFF, 0x0C, 0x00,
    0x00, 0x00, 0x00, 0xE0, 0xFF, 0x08, 0x00, 0x00, 0x00, 0x00, 0xF3, 0xFF, 0x04, 0x00, 0x00, 0x00,
    0x00, 0xF7, 0xFF, 0x00, 0x00, 0x00, 0x00, 0x00, 0xFB, 0xCF, 0x00, 0x00, 0x00, 0x00, 0x00, 0xFF,
    0x8F, 0x00, 0x00, 0x00, 0x00, 0x30, 0xFF, 0x3F, 0x00, 0x00, 0x00, 0x00, 0x70, 0xFF, 0x0F, 0x00,
    0x00, 0x00, 0x00, 0xC0, 0xFF, 0x0B, 0x00, 0x00, 0x00, 0x00, 0xF0, 0xFF, 0x07, 0x00, 0x00, 0x00,
    0x00, 0xF4, 0xFF, 0x03, 0x00, 0x00, 0x00, 0x00, 0xF8, 0xFF, 0x00, 0x00, 0x00, 0x00, 0x00, 0xFC,
    0xBF, 0x00, 0x00, 0x00, 0x00, 0x10, 0xFF, 0x7F, 0x00, 0x00, 0x00, 0x00, 0x50, 0xFF, 0x2F, 0x00,
    0x00, 0x00, 0x00, 0x90, 0xFF, 0x0E, 0x00, 0x00, 0x00, 0x00, 0xD0, 0xFF, 0x0A, 0x00, 0x00, 0x00,
    0x00, 0xF1, 0xFF, 0x06, 0x00, 0x00, 0x00, 0x00, 0xF5, 0xFF, 0x02, 0x00, 0x00, 0x00, 0x00, 0xD5,
    0xEF, 0x00, 0x00, 0x00, 0x00, 0x00, 0x00, 0x20, 0x00, 0x00, 0x00, 0x00, 0x00, 0x00, 0x00, 0x00,
    0xB6, 0xFE, 0xCE, 0x27, 0x00, 0x00, 0x00, 0x00, 0x00, 0xE4, 0xFF, 0xFF, 0xFF, 0xFF, 0x07, 0x00,
    0x00, 0x00, 0x50, 0xFF, 0xFF, 0xFF, 0xFF, 0xFF, 0x9F, 0x00, 0x00, 0x00, 0xF2, 0xFF, 0xBF, 0x25,
    0x94, 0xFF, 0xFF, 0x06, 0x00, 0x00, 0xFB, 0xFF, 0x09, 0x00, 0x00, 0xF5, 0xFF, 0x0E, 0x00, 0x30,
    0xFF, 0xDF, 0x00, 0x00, 0x00, 0x90, 0xFF, 0x7F, 0x00, 0x90, 0xFF, 0x6F, 0x00, 0x00, 0x00, 0x20,
    0xFF, 0xDF, 0x00, 0xD0, 0xFF, 0x0F, 0x00, 0x00, 0x00, 0x00, 0xFC, 0xFF, 0x01, 0xF1, 0xFF, 0x0D,
    0x00, 0x00, 0x00, 0x00, 0xF9, 0xFF, 0x06, 0xF4, 0xFF, 0x0A, 0x00, 0x00, 0x00, 0x00, 0xF6, 0xFF,
    0x08, 0xF6, 0xFF, 0x08, 0x00, 0x00, 0x00, 0x00, 0xF4, 0xFF, 0x0B, 0xF8, 0xFF, 0x06, 0x00, 0x00,
    0x00, 0x00, 0xF2, 0xFF, 0x0D, 0xF9, 0xFF, 0x05, 0x00, 0x00, 0x00, 0x00, 0xF1, 0xFF, 0x0D, 0xFA,
    0xFF, 0x05, 0x00, 0x00, 0x00, 0x00, 0xF1, 0xFF, 0x0E, 0xFB, 0xFF, 0x04, 0x00, 0x00, 0x00, 0x00,
    0xF0, 0xFF, 0x0F, 0xFA, 0xFF, 0x05, 0x00, 0x00, 0x00, 0x00, 0xF1, 0xFF, 0x0E, 0xFA, 0xFF, 0x05,
    0x00, 0x00, 0x00, 0x00, 0xF1, 0xFF, 0x0E, 0xF9, 0xFF, 0x06, 0x00, 0x00, 0x00, 0x00, 0xF2, 0xFF,
    0x0D, 0xF7, 0xFF, 0x07, 0x00, 0x00, 0x00, 0x00, 0xF3, 0xFF, 0x0C, 0xF5, 0xFF, 0x09, 0x00, 0x00,
    0x00, 0x00, 0xF5, 0xFF, 0x09, 0xF3, 0xFF, 0x0B, 0x00, 0x00, 0x00, 0x00, 0xF7, 0xFF, 0x07, 0xF0,
    0xFF, 0x0E, 0x00, 0x00, 0x00, 0x00, 0xFB, 0xFF, 0x03, 0xB0, 0xFF, 0x3F, 0x00, 0x00, 0x00, 0x00,
    0xFF, 0xFF, 0x00, 0x60, 0xFF, 0x9F, 0x00, 0x00, 0x00, 0x50, 0xFF, 0xAF, 0x00, 0x00, 0xFE, 0xFF,
    0x02, 0x00, 0x00, 0xE0, 0xFF, 0x3F, 0x00, 0x00, 0xF7, 0xFF, 0x3E, 0x00, 0x20, 0xFC, 0xFF, 0x0B,
    0x00, 0x00, 0xB0, 0xFF, 0xFF, 0xAD, 0xFC, 0xFF, 0xEF, 0x01, 0x00, 0x00, 0x10, 0xFC, 0xFF, 0xFF,
    0xFF, 0xFF, 0x3E, 0x00, 0x00, 0x00, 0x00, 0x70, 0xFE, 0xFF, 0xFF, 0x9F, 0x01, 0x00, 0x00, 0x00,
    0x00, 0x00, 0x30, 0x76, 0x46, 0x00, 0x00, 0x00, 0x00, 0x00, 0x00, 0x00, 0x10, 0xFA, 0xFF, 0x07,
    0x00, 0x00, 0x00, 0xE5, 0xFF, 0xFF, 0x07, 0x00, 0x00, 0xB1, 0xFF, 0xFF, 0xFF, 0x07, 0x00, 0x60,
    0xFF, 0xFF, 0xFF, 0xFF, 0x07, 0x20, 0xFC, 0xFF, 0xEF, 0xFA, 0xFF, 0x07, 0xF4, 0xFF, 0xFF, 0x1A,
    0xF6, 0xFF, 0x07, 0xE1, 0xFF, 0x4D, 0x00, 0xF6, 0xFF, 0x07, 0x60, 0x8F, 0x00, 0x00, 0xF6, 0xFF,
    0x07, 0x00, 0x02, 0x00, 0x00, 0xF6, 0xFF, 0x07, 0x00, 0x00, 0x00, 0x00, 0xF6, 0xFF, 0x07, 0x00,
    0x00, 0x00, 0x00, 0xF6, 0xFF, 0x07, 0x00, 0x00, 0x00, 0x00, 0xF6, 0xFF, 0x07, 0x00, 0x00, 0x00,
    0x00, 0xF6, 0xFF, 0x07, 0x00, 0x00, 0x00, 0x00, 0xF6, 0xFF, 0x07, 0x00, 0x00, 0x00, 0x00, 0xF6,
    0xFF, 0x07, 0x00, 0x00, 0x00, 0x00, 0xF6, 0xFF, 0x07, 0x00, 0x00, 0x00, 0x00, 0xF6, 0xFF, 0x07,
    0x00, 0x00, 0x00, 0x00, 0xF6, 0xFF, 0x07, 0x00, 0x00, 0x00, 0x00, 0xF6, 0xFF, 0x07, 0x00, 0x00,
    0x00, 0x00, 0xF6, 0xFF, 0x07, 0x00, 0x00, 0x00, 0x00, 0xF6, 0xFF, 0x07, 0x00, 0x00, 0x00, 0x00,
    0xF6, 0xFF, 0x07, 0x00, 0x00, 0x00, 0x00, 0xF6, 0xFF, 0x07, 0x00, 0x00, 0x00, 0x00, 0xF6, 0xFF,
    0x07, 0x00, 0x00, 0x00, 0x00, 0xF6, 0xFF, 0x07, 0x00, 0x00, 0x00, 0x00, 0xF6, 0xFF, 0x07, 0x00,
    0x00, 0x00, 0x00, 0xF6, 0xFF, 0x07, 0x00, 0x00, 0x00, 0x00, 0xF6, 0xFF, 0x07, 0x00, 0x00, 0x00,
    0x00, 0xF6, 0xFF, 0x07, 0x00, 0x00, 0x83, 0xFC, 0xFF, 0x8C, 0x02, 0x00, 0x00, 0x00, 0xA1, 0xFF,
    0xFF, 0xFF, 0xFF, 0x8F, 0x00, 0x00, 0x30, 0xFE, 0xFF, 0xFF, 0xFF, 0xFF, 0xFF, 0x0B, 0x00, 0xF3,
    0xFF, 0xDF, 0x36, 0x42, 0xFA, 0xFF, 0x8F, 0x00, 0xFB, 0xFF, 0x08, 0x00, 0x00, 0x50, 0xFF, 0xFF,
    0x02, 0xA0, 0x7F, 0x00, 0x00, 0x00, 0x00, 0xFA, 0xFF, 0x08, 0x00, 0x04, 0x00, 0x00, 0x00, 0x00,
    0xF4, 0xFF, 0x0C, 0x00, 0x00, 0x00, 0x00, 0x00, 0x00, 0xF2, 0xFF, 0x0D, 0x00, 0x00, 0x00, 0x00,
    0x00, 0x00, 0xF3, 0xFF, 0x0D, 0x00, 0x00, 0x00, 0x00, 0x00, 0x00, 0xF4, 0xFF, 0x0B, 0x00, 0x00,
    0x00, 0x00, 0x00, 0x00, 0xF7, 0xFF, 0x08, 0x00, 0x00, 0x00, 0x00, 0x00, 0x00, 0xFD, 0xFF, 0x04,
    0x00, 0x00, 0x00, 0x00, 0x00, 0x30, 0xFF, 0xDF, 0x00, 0x00, 0x00, 0x00, 0x00, 0x00, 0xB0, 0xFF,
    0x6F, 0x00, 0x00, 0x00, 0x00, 0x00, 0x00, 0xF6, 0xFF, 0x0D, 0x00, 0x00, 0x00, 0x00, 0x00, 0x20,
    0xFF, 0xFF, 0x03, 0x00, 0x00, 0x00, 0x00, 0x00, 0xD0, 0xFF, 0x7F, 0x00, 0x00, 0x00, 0x00, 0x00,
    0x00, 0xFA, 0xFF, 0x0A, 0x00, 0x00, 0x00, 0x00, 0x00, 0x80, 0xFF, 0xCF, 0x00, 0x00, 0x00, 0x00,
    0x00, 0x00, 0xF6, 0xFF, 0x1D, 0x00, 0x00, 0x00, 0x00, 0x00, 0x50, 0xFF, 0xEF, 0x02, 0x00, 0x00,
    0x00, 0x00, 0x00, 0xF3, 0xFF, 0x3F, 0x00, 0x00, 0x00, 0x00, 0x00, 0x20, 0xFF, 0xFF, 0x03, 0x00,
    0x00, 0x00, 0x00, 0x00, 0xE2, 0xFF, 0x4F, 0x00, 0x00, 0x00, 0x00, 0x00, 0x10, 0xFD, 0xFF, 0x05,
    0x00, 0x00, 0x00, 0x00, 0x00, 0xD1, 0xFF, 0x7F, 0x22, 0x22, 0x22, 0x22, 0x22, 0x12, 0xF5, 0xFF,
    0xFF, 0xFF, 0xFF, 0xFF, 0xFF, 0xFF, 0x7F, 0xF6, 0xFF, 0xFF, 0xFF, 0xFF, 0xFF, 0xFF, 0xFF, 0x4F,
    0xF6, 0xFF, 0xFF, 0xFF, 0xFF, 0xFF, 0xFF, 0xFF, 0x2F, 0x00, 0x00, 0x30, 0xC8, 0xFE, 0xCE, 0x28,
    0x00, 0x00, 0x00, 0x00, 0x30, 0xFC, 0xFF, 0xFF, 0xFF, 0xFF, 0x07, 0x00, 0x00, 0x00, 0xF7, 0xFF,
    0xFF, 0xFF, 0xFF, 0xFF, 0xAF, 0x00, 0x00, 0x50, 0xFF, 0xFF, 0x5A, 0x23, 0xA4, 0xFF, 0xFF, 0x07,
    0x00, 0x00, 0xFA, 0x3D, 0x00, 0x00, 0x00, 0xF5, 0xFF, 0x0E, 0x00, 0x00, 0x80, 0x00, 0x00, 0x00,
    0x00, 0xA0, 0xFF, 0x5F, 0x00, 0x00, 0x00, 0x00, 0x00, 0x00, 0x00, 0x50, 0xFF, 0x8F, 0x00, 0x00,
    0x00, 0x00, 0x00, 0x00, 0x00, 0x30, 0xFF, 0x9F, 0x00, 0x00, 0x00, 0x00, 0x00, 0x00, 0x00, 0x40,
    0xFF, 0x8F, 0x00, 0x00, 0x00, 0x00, 0x00, 0x00, 0x00, 0x70, 0xFF, 0x5F, 0x00, 0x00, 0x00, 0x00,
    0x00, 0x00, 0x00, 0xD0, 0xFF, 0x0E, 0x00, 0x00, 0x00, 0x00, 0x00, 0x00, 0x00, 0xFA, 0xFF, 0x06,
    0x00, 0x00, 0x00, 0x00, 0x10, 0x32, 0xD6, 0xFF, 0x7F, 0x00, 0x00, 0x00, 0x00, 0x00, 0xC0, 0xFF,
    0xFF, 0xCF, 0x03, 0x00, 0x00, 0x00, 0x00, 0x00, 0xE0, 0xFF, 0xFF, 0x9D, 0x03, 0x00, 0x00, 0x00,
    0x00, 0x00, 0xF0, 0xFF, 0xFF, 0xFF, 0xBF, 0x01, 0x00, 0x00, 0x00, 0x00, 0x00, 0x00, 0x52, 0xFC,
    0xFF, 0x1E, 0x00, 0x00, 0x00, 0x00, 0x00, 0x00, 0x00, 0x90, 0xFF, 0xAF, 0x00, 0x00, 0x00, 0x00,
    0x00, 0x00, 0x00, 0x00, 0xFE, 0xFF, 0x01, 0x00, 0x00, 0x00, 0x00, 0x00, 0x00, 0x00, 0xFA, 0xFF,
    0x05, 0x00, 0x00, 0x00, 0x00, 0x00, 0x00, 0x00, 0xF8, 0xFF, 0x07, 0x00, 0x00, 0x00, 0x00, 0x00,
    0x00, 0x00, 0xF8, 0xFF, 0x07, 0x00, 0x00, 0x00, 0x00, 0x00, 0x00, 0x00, 0xFB, 0xFF, 0x05, 0x00,
    0x01, 0x00, 0x00, 0x00, 0x00, 0x10, 0xFF, 0xFF, 0x01, 0x20, 0xCD, 0x01, 0x00, 0x00, 0x00, 0xA0,
    0xFF, 0xBF, 0x00, 0xE2, 0xFF, 0x7F, 0x01, 0x00, 0x20, 0xFB, 0xFF, 0x3F, 0x00, 0x90, 0xFF, 0xFF,
    0xCF, 0xAA, 0xFD, 0xFF, 0xFF, 0x07, 0x00, 0x00, 0xF7, 0xFF, 0xFF, 0xFF, 0xFF, 0xFF, 0x6F, 0x00,
    0x00, 0x00, 0x10, 0xE9, 0xFF, 0xFF, 0xFF, 0x9F, 0x02, 0x00, 0x00, 0x00, 0x00, 0x00, 0x53, 0x77,
    0x36, 0x00, 0x00, 0x00, 0x00, 0x00, 0x00, 0x00, 0x00, 0x00, 0x00, 0x00, 0x00, 0x00, 0x00, 0x00,
    0x00, 0x00, 0x00, 0xE3, 0x18, 0x00, 0x00, 0x00, 0x00, 0x00, 0x00, 0x00, 0x00, 0xFA, 0xFF, 0x01,
    0x00, 0x00, 0x00, 0x00, 0x00, 0x00, 0x10, 0xFF, 0xBF, 0x00, 0x00, 0x00, 0x00, 0x00, 0x00, 0x00,
    0x80, 0xFF, 0x4F, 0x00, 0x00, 0x00, 0x00, 0x00, 0x00, 0x00, 0xE0, 0xFF, 0x0D, 0x00, 0x00, 0x00,
    0x00, 0x00, 0x00, 0x00, 0xF6, 0xFF, 0x06, 0x00, 0x00, 0x00, 0x00, 0x00, 0x00, 0x00, 0xFD, 0xFF,
    0x00, 0x00, 0x00, 0x00, 0x00, 0x00, 0x00, 0x40, 0xFF, 0x9F, 0x00, 0x00, 0x00, 0x00, 0x00, 0x00,
    0x00, 0xB0, 0xFF, 0x2F, 0x00, 0x00, 0x00, 0x00, 0x00, 0x00, 0x00, 0xF2, 0xFF, 0x0B, 0x00, 0x00,
    0x00, 0x00, 0x00, 0x00, 0x00, 0xF9, 0xFF, 0x04, 0x00, 0x00, 0x00, 0x00, 0x00, 0x00, 0x00, 0xFF,
    0xDF, 0x00, 0x00, 0xF1, 0xFF, 0x04, 0x00, 0x00, 0x60, 0xFF, 0x6F, 0x00, 0x00, 0xF1, 0xFF, 0x04,
    0x00, 0x00, 0xD0, 0xFF, 0x0F, 0x00, 0x00, 0xF2, 0xFF, 0x04, 0x00, 0x00, 0xF4, 0xFF, 0x09, 0x00,
    0x00, 0xF3, 0xFF, 0x04, 0x00, 0x00, 0xFB, 0xFF, 0x02, 0x00, 0x00, 0xF3, 0xFF, 0x04, 0x00, 0x20,
    0xFF, 0xBF, 0x00, 0x00, 0x00, 0xF4, 0xFF, 0x04, 0x00, 0x90, 0xFF, 0x4F, 0x00, 0x00, 0x00, 0xF5,
    0xFF, 0x04, 0x00, 0xF1, 0xFF, 0x2E, 0x22, 0x22, 0x22, 0xF7, 0xFF, 0x26, 0x22, 0xF5, 0xFF, 0xFF,
    0xFF, 0xFF, 0xFF, 0xFF, 0xFF, 0xFF, 0xEF, 0xF5, 0xFF, 0xFF, 0xFF, 0xFF, 0xFF, 0xFF, 0xFF, 0xFF,
    0xEF, 0xF5, 0xFF, 0xFF, 0xFF, 0xFF, 0xFF, 0xFF, 0xFF, 0xFF, 0xEF, 0x00, 0x00, 0x00, 0x00, 0x00,
    0x00, 0xF6, 0xFF, 0x04, 0x00, 0x00, 0x00, 0x00, 0x00, 0x00, 0x00, 0xF6, 0xFF, 0x04, 0x00, 0x00,
    0x00, 0x00, 0x00, 0x00, 0x00, 0xF6, 0xFF, 0x04, 0x00, 0x00, 0x00, 0x00, 0x00, 0x00, 0x00, 0xF6,
    0xFF, 0x04, 0x00, 0x00, 0x00, 0x00, 0x00, 0x00, 0x00, 0xF6, 0xFF, 0x04, 0x00, 0x00, 0x00, 0x00,
    0x00, 0x00, 0x00, 0xF6, 0xFF, 0x04, 0x00, 0x00, 0x00, 0x00, 0x00, 0x00, 0x00, 0xF6, 0xFF, 0x04,
    0x00, 0x00, 0x22, 0x22, 0x22, 0x22, 0x22, 0x22, 0x22, 0x02, 0x00, 0xFF, 0xFF, 0xFF, 0xFF, 0xFF,
    0xFF, 0xFF, 0x0E, 0x00, 0xFF, 0xFF, 0xFF, 0xFF, 0xFF, 0xFF, 0xFF, 0x0C, 0x00, 0xFF, 0xFF, 0xFF,
    0xFF, 0xFF, 0xFF, 0xFF, 0x09, 0x00, 0xFF, 0xAF, 0x00, 0x00, 0x00, 0x00, 0x00, 0x00, 0x00, 0xFF,
    0xAF, 0x00, 0x00, 0x00, 0x00, 0x00, 0x00, 0x00, 0xFF, 0xAF, 0x00, 0x00, 0x00, 0x00, 0x00, 0x00,
    0x00, 0xFF, 0xAF, 0x00, 0x00, 0x00, 0x00, 0x00, 0x00, 0x00, 0xFF, 0xAF, 0x00, 0x00, 0x00, 0x00,
    0x00, 0x00, 0x00, 0xFF, 0xAF, 0x00, 0x00, 0x00, 0x00, 0x00, 0x00, 0x00, 0xFF, 0xAF, 0x00, 0x10,
    0x01, 0x00, 0x00, 0x00, 0x00, 0xFF, 0xAF, 0xB6, 0xFF, 0xFF, 0x6C, 0x00, 0x00, 0x00, 0xFF, 0xFF,
    0xFF, 0xFF, 0xFF, 0xFF, 0x2D, 0x00, 0x00, 0xFF, 0xFF, 0xFF, 0xFF, 0xFF, 0xFF, 0xEF, 0x01, 0x00,
    0xFF, 0xBF, 0x25, 0x00, 0x93, 0xFF, 0xFF, 0x0B, 0x00, 0x00, 0x00, 0x00, 0x00, 0x00, 0xF5, 0xFF,
    0x2F, 0x00, 0x00, 0x00, 0x00, 0x00, 0x00, 0xA0, 0xFF, 0x8F, 0x00, 0x00, 0x00, 0x00, 0x00, 0x00,
    0x40, 0xFF, 0xCF, 0x00, 0x00, 0x00, 0x00, 0x00, 0x00, 0x10, 0xFF, 0xEF, 0x00, 0x00, 0x00, 0x00,
    0x00, 0x00, 0x00, 0xFF, 0xFF, 0x00, 0x00, 0x00, 0x00, 0x00, 0x00, 0x00, 0xFF, 0xFF, 0x00, 0x00,
    0x00, 0x00, 0x00, 0x00, 0x20, 0xFF, 0xDF, 0x00, 0x00, 0x00, 0x00, 0x00, 0x00, 0x50, 0xFF, 0xAF,
    0x00, 0x01, 0x00, 0x00, 0x00, 0x00, 0xC0, 0xFF, 0x6F, 0x70, 0x4F, 0x00, 0x00, 0x00, 0x00, 0xF6,
    0xFF, 0x0E, 0xF7, 0xFF, 0x29, 0x00, 0x00, 0x80, 0xFF, 0xFF, 0x05, 0xF4, 0xFF, 0xFF, 0xBD, 0xCA,
    0xFF, 0xFF, 0x9F, 0x00, 0x30, 0xFD, 0xFF, 0xFF, 0xFF, 0xFF, 0xFF, 0x07, 0x00, 0x00, 0x60, 0xFD,
    0xFF, 0xFF, 0xFF, 0x3B, 0x00, 0x00, 0x00, 0x00, 0x20, 0x65, 0x67, 0x14, 0x00, 0x00, 0x00, 0x00,
    0x00, 0x00, 0x50, 0xEA, 0xFF, 0xAD, 0x04, 0x00, 0x00, 0x00, 0x00, 0x40, 0xFD, 0xFF, 0xFF, 0xFF,
    0xDF, 0x03, 0x00, 0x00, 0x00, 0xF6, 0xFF, 0xFF, 0xFF, 0xFF, 0xFF, 0x02, 0x00, 0x00, 0x40, 0xFF,
    0xFF, 0x5B, 0x32, 0xA5, 0x9F, 0x00, 0x00, 0x00, 0xE1, 0xFF, 0x6F, 0x00, 0x00, 0x00, 0x12, 0x00,
    0x00, 0x00, 0xF9, 0xFF, 0x07, 0x00, 0x00, 0x00, 0x00, 0x00, 0x00, 0x10, 0xFF, 0xDF, 0x00, 0x00,
    0x00, 0x00, 0x00, 0x00, 0x00, 0x70, 0xFF, 0x5F, 0x00, 0x00, 0x00, 0x00, 0x00, 0x00, 0x00, 0xC0,
    0xFF, 0x0F, 0x00, 0x00, 0x00, 0x00, 0x00, 0x00, 0x00, 0xF0, 0xFF, 0x0B, 0x00, 0x00, 0x00, 0x00,
    0x00, 0x00, 0x00, 0xF3, 0xFF, 0x08, 0x20, 0xD9, 0xFF, 0x8C, 0x01, 0x00, 0x00, 0xF6, 0xFF, 0x05,
    0xF8, 0xFF, 0xFF, 0xFF, 0x5F, 0x00, 0x00, 0xF8, 0xFF, 0xB3, 0xFF, 0xFF, 0xFF, 0xFF, 0xFF, 0x06,
    0x00, 0xFA, 0xFF, 0xFA, 0xCF, 0x36, 0x52, 0xFC, 0xFF, 0x2F, 0x00, 0xFA, 0xFF, 0xFF, 0x07, 0x00,
    0x00, 0xA0, 0xFF, 0xAF, 0x00, 0xFB, 0xFF, 0x7F, 0x00, 0x00, 0x00, 0x10, 0xFF, 0xFF, 0x00, 0xFA,
    0xFF, 0x0A, 0x00, 0x00, 0x00, 0x00, 0xFA, 0xFF, 0x04, 0xF9, 0xFF, 0x03, 0x00, 0x00, 0x00, 0x00,
    0xF7, 0xFF, 0x07, 0xF9, 0xFF, 0x04, 0x00, 0x00, 0x00, 0x00, 0xF5, 0xFF, 0x08, 0xF6, 0xFF, 0x05,
    0x00, 0x00, 0x00, 0x00, 0xF5, 0xFF, 0x08, 0xF4, 0xFF, 0x07, 0x00, 0x00, 0x00, 0x00, 0xF6, 0xFF,
    0x07, 0xF1, 0xFF, 0x0A, 0x00, 0x00, 0x00, 0x00, 0xF8, 0xFF, 0x05, 0xD0, 0xFF, 0x0E, 0x00, 0x00,
    0x00, 0x00, 0xFB, 0xFF, 0x02, 0x80, 0xFF, 0x5F, 0x00, 0x00, 0x00, 0x20, 0xFF, 0xDF, 0x00, 0x10,
    0xFF, 0xDF, 0x00, 0x00, 0x00, 0xA0, 0xFF, 0x6F, 0x00, 0x00, 0xF9, 0xFF, 0x2C, 0x00, 0x00, 0xF9,
    0xFF, 0x0D, 0x00, 0x00, 0xD0, 0xFF, 0xFF, 0xAC, 0xFB, 0xFF, 0xEF, 0x02, 0x00, 0x00, 0x20, 0xFD,
    0xFF, 0xFF, 0xFF, 0xFF, 0x3E, 0x00, 0x00, 0x00, 0x00, 0x80, 0xFE, 0xFF, 0xFF, 0x9F, 0x01, 0x00,
    0x00, 0x00, 0x00, 0x00, 0x40, 0x76, 0x47, 0x00, 0x00, 0x00, 0x00, 0x22, 0x22, 0x22, 0x22, 0x22,
    0x22, 0x22, 0x22, 0x00, 0xFF, 0xFF, 0xFF, 0xFF, 0xFF, 0xFF, 0xFF, 0xFF, 0x04, 0xFF, 0xFF, 0xFF,
    0xFF, 0xFF, 0xFF, 0xFF, 0xFF, 0x04, 0xFF, 0xFF, 0xFF, 0xFF, 0xFF, 0xFF, 0xFF, 0xFF, 0x03, 0x00,
    0x00, 0x00, 0x00, 0x00, 0x00, 0xFD, 0xEF, 0x00, 0x00, 0x00, 0x00, 0x00, 0x00, 0x30, 0xFF, 0x8F,
    0x00, 0x00, 0x00, 0x00, 0x00, 0x00, 0xA0, 0xFF, 0x2F, 0x00, 0x00, 0x00, 0x00, 0x00, 0x00, 0xF1,
    0xFF, 0x0B, 0x00, 0x00, 0x00, 0x00, 0x00, 0x00, 0xF7, 0xFF, 0x05, 0x00, 0x00, 0x00, 0x00, 0x00,
    0x00, 0xFD, 0xEF, 0x00, 0x00, 0x00, 0x00, 0x00, 0x00, 0x40, 0xFF, 0x8F, 0x00, 0x00, 0x00, 0x00,
    0x00, 0x00, 0xB0, 0xFF, 0x2F, 0x00, 0x00, 0x00, 0x00, 0x00, 0x00, 0xF1, 0xFF, 0x0B, 0x00, 0x00,
    0x00, 0x00, 0x00, 0x00, 0xF8, 0xFF, 0x05, 0x00, 0x00, 0x00, 0x00, 0x00, 0x00, 0xFE, 0xEF, 0x00,
    0x00, 0x00, 0x00, 0x00, 0x00, 0x50, 0xFF, 0x8F, 0x00, 0x00, 0x00, 0x00, 0x00, 0x00, 0xB0, 0xFF,
    0x2F, 0x00, 0x00, 0x00, 0x00, 0x00, 0x00, 0xF2, 0xFF, 0x0B, 0x00, 0x00, 0x00, 0x00, 0x00, 0x00,
    0xF8, 0xFF, 0x05, 0x00, 0x00, 0x00, 0x00, 0x00, 0x00, 0xFE, 0xEF, 0x00, 0x00, 0x00, 0x00, 0x00,
    0x00, 0x60, 0xFF, 0x8F, 0x00, 0x00, 0x00, 0x00, 0x00, 0x00, 0xC0, 0xFF, 0x2F, 0x00, 0x00, 0x00,
    0x00, 0x00, 0x00, 0xF3, 0xFF, 0x0B, 0x00, 0x00, 0x00, 0x00, 0x00, 0x00, 0xF9, 0xFF, 0x05, 0x00,
    0x00, 0x00, 0x00, 0x00, 0x00, 0xFF, 0xEF, 0x00, 0x00, 0x00, 0x00, 0x00, 0x00, 0x60, 0xFF, 0x8F,
    0x00, 0x00, 0x00, 0x00, 0x00, 0x00, 0xD0, 0xFF, 0x2F, 0x00, 0x00, 0x00, 0x00, 0x00, 0x00, 0xF3,
    0xFF, 0x0B, 0x00, 0x00, 0x00, 0x00, 0x00, 0x00, 0xE6, 0xFF, 0x05, 0x00, 0x00, 0x00, 0x00, 0x00,
    0x00, 0x00, 0x94, 0x00, 0x00, 0x00, 0x00, 0x00, 0x00, 0x00, 0x00, 0x00, 0x72, 0xEC, 0xEF, 0x8C,
    0x02, 0x00, 0x00, 0x00, 0x00, 0x00, 0x91, 0xFF, 0xFF, 0xFF, 0xFF, 0xAF, 0x01, 0x00, 0x00, 0x00,
    0x10, 0xFD, 0xFF, 0xFF, 0xFF, 0xFF, 0xFF, 0x1D, 0x00, 0x00, 0x00, 0xC0, 0xFF, 0xEF, 0x37, 0x32,
    0xE7, 0xFF, 0xDF, 0x00, 0x00, 0x00, 0xF5, 0xFF, 0x1D, 0x00, 0x00, 0x10, 0xFD, 0xFF, 0x06, 0x00,
    0x00, 0xFB, 0xFF, 0x03, 0x00, 0x00, 0x00, 0xF3, 0xFF, 0x0B, 0x00, 0x00, 0xFE, 0xEF, 0x00, 0x00,
    0x00, 0x00, 0xE0, 0xFF, 0x0E, 0x00, 0x00, 0xFF, 0xDF, 0x00, 0x00, 0x00, 0x00, 0xD0, 0xFF, 0x0E,
    0x00, 0x00, 0xFD, 0xEF, 0x00, 0x00, 0x00, 0x00, 0xE0, 0xFF, 0x0D, 0x00, 0x00, 0xFA, 0xFF, 0x02,
    0x00, 0x00, 0x00, 0xF2, 0xFF, 0x09, 0x00, 0x00, 0xF5, 0xFF, 0x1C, 0x00, 0x00, 0x00, 0xF9, 0xFF,
    0x02, 0x00, 0x00, 0xC0, 0xFF, 0xEF, 0x05, 0x00, 0x70, 0xFF, 0x6F, 0x00, 0x00, 0x00, 0x10, 0xFD,
    0xFF, 0xDF, 0x37, 0xFA, 0xFF, 0x05, 0x00, 0x00, 0x00, 0x00, 0xA0, 0xFF, 0xFF, 0xFF, 0xFF, 0x2B,
    0x00, 0x00, 0x00, 0x00, 0x00, 0x60, 0xFE, 0xFF, 0xFF, 0xFF, 0x8F, 0x00, 0x00, 0x00, 0x00, 0x20,
    0xFC, 0xEF, 0x56, 0xFB, 0xFF, 0xFF, 0x3E, 0x00, 0x00, 0x00, 0xE3, 0xFF, 0x1D, 0x00, 0x10, 0xF8,
    0xFF, 0xFF, 0x03, 0x00, 0x10, 0xFE, 0xEF, 0x01, 0x00, 0x00, 0x10, 0xFB, 0xFF, 0x1E, 0x00, 0x80,
    0xFF, 0x8F, 0x00, 0x00, 0x00, 0x00, 0xC0, 0xFF, 0x7F, 0x00, 0xD0, 0xFF, 0x2F, 0x00, 0x00, 0x00,
    0x00, 0x40, 0xFF, 0xDF, 0x00, 0xF0, 0xFF, 0x0F, 0x00, 0x00, 0x00, 0x00, 0x00, 0xFF, 0xFF, 0x00,
    0xF1, 0xFF, 0x0E, 0x00, 0x00, 0x00, 0x00, 0x00, 0xFF, 0xFF, 0x01, 0xF0, 0xFF, 0x0F, 0x00, 0x00,
    0x00, 0x00, 0x00, 0xFF, 0xFF, 0x00, 0xD0, 0xFF, 0x4F, 0x00, 0x00, 0x00, 0x00, 0x50, 0xFF, 0xCF,
    0x00, 0x80, 0xFF, 0xCF, 0x00, 0x00, 0x00, 0x00, 0xE1, 0xFF, 0x7F, 0x00, 0x10, 0xFE, 0xFF, 0x3D,
    0x00, 0x00, 0x40, 0xFE, 0xFF, 0x0D, 0x00, 0x00, 0xF3, 0xFF, 0xFF, 0xBE, 0xBA, 0xFE, 0xFF, 0xEF,
    0x02, 0x00, 0x00, 0x40, 0xFD, 0xFF, 0xFF, 0xFF, 0xFF, 0xFF, 0x2C, 0x00, 0x00, 0x00, 0x00, 0x80,
    0xFE, 0xFF, 0xFF, 0xFF, 0x6D, 0x00, 0x00, 0x00, 0x00, 0x00, 0x00, 0x20, 0x75, 0x77, 0x15, 0x00,
    0x00, 0x00, 0x00, 0x00, 0x00, 0x00, 0xB6, 0xFE, 0xDE, 0x49, 0x00, 0x00, 0x00, 0x00, 0x00, 0xE4,
    0xFF, 0xFF, 0xFF, 0xFF, 0x2B, 0x00, 0x00, 0x00, 0x60, 0xFF, 0xFF, 0xFF, 0xFF, 0xFF, 0xEF, 0x02,
    0x00, 0x00, 0xF4, 0xFF, 0xBF, 0x25, 0x63, 0xFD, 0xFF, 0x0C, 0x00, 0x00, 0xFE, 0xFF, 0x06, 0x00,
    0x00, 0xC0, 0xFF, 0x6F, 0x00, 0x60, 0xFF, 0xAF, 0x00, 0x00, 0x00, 0x20, 0xFF, 0xDF, 0x00, 0xB0,
    0xFF, 0x3F, 0x00, 0x00, 0x00, 0x00, 0xFB, 0xFF, 0x02, 0xE0, 0xFF, 0x0F, 0x00, 0x00, 0x00, 0x00,
    0xF7, 0xFF, 0x06, 0xF1, 0xFF, 0x0D, 0x00, 0x00, 0x00, 0x00, 0xF4, 0xFF, 0x09, 0xF1, 0xFF, 0x0C,
    0x00, 0x00, 0x00, 0x00, 0xF2, 0xFF, 0x0B, 0xF1, 0xFF, 0x0C, 0x00, 0x00, 0x00, 0x00, 0xF1, 0xFF,
    0x0C, 0xF0, 0xFF, 0x0E, 0x00, 0x00, 0x00, 0x00, 0xF1, 0xFF, 0x0C, 0xC0, 0xFF, 0x1F, 0x00, 0x00,
    0x00, 0x00, 0xF4, 0xFF, 0x0C, 0x80, 0xFF, 0x8F, 0x00, 0x00, 0x00, 0x10, 0xFE, 0xFF, 0x0B, 0x20,
    0xFF, 0xFF, 0x03, 0x00, 0x00, 0xE2, 0xFF, 0xFF, 0x0A, 0x00, 0xF8, 0xFF, 0x8F, 0x23, 0x94, 0xFF,
    0xFE, 0xFF, 0x08, 0x00, 0xC0, 0xFF, 0xFF, 0xFF, 0xFF, 0xEF, 0xF6, 0xFF, 0x06, 0x00, 0x00, 0xFA,
    0xFF, 0xFF, 0xFF, 0x2D, 0xF6, 0xFF, 0x03, 0x00, 0x00, 0x40, 0xEA, 0xEF, 0x5B, 0x00, 0xFB, 0xFF,
    0x00, 0x00, 0x00, 0x00, 0x00, 0x00, 0x00, 0x00, 0xFF, 0xAF, 0x00, 0x00, 0x00, 0x00, 0x00, 0x00,
    0x00, 0x80, 0xFF, 0x5F, 0x00, 0x00, 0x00, 0x00, 0x00, 0x00, 0x00, 0xF2, 0xFF, 0x0D, 0x00, 0x00,
    0x00, 0x00, 0x00, 0x00, 0x10, 0xFD, 0xFF, 0x05, 0x00, 0x00, 0x00, 0x00, 0x00, 0x00, 0xD2, 0xFF,
    0xAF, 0x00, 0x00, 0x00, 0x00, 0x00, 0x00, 0x60, 0xFF, 0xFF, 0x0C, 0x00, 0x00, 0x00, 0x00, 0x00,
    0x50, 0xFD, 0xFF, 0xBF, 0x01, 0x00, 0x00, 0x00, 0x00, 0x71, 0xFD, 0xFF, 0xFF, 0x08, 0x00, 0x00,
    0x00, 0x00, 0xA0, 0xFF, 0xFF, 0xFF, 0x2B, 0x00, 0x00, 0x00, 0x00, 0x00, 0x90, 0xFF, 0xFF, 0x3A,
    0x00, 0x00, 0x00, 0x00, 0x00, 0x00, 0x40, 0xCF, 0x17, 0x00, 0x00, 0x00, 0x00, 0x00, 0x00, 0x00,
    0x00, 0x01, 0x00, 0x00, 0x00, 0x00, 0x00, 0x00, 0x00, 0x10, 0x66, 0x01, 0xE3, 0xFF, 0x2E, 0xFB,
    0xFF, 0xAF, 0xFE, 0xFF, 0xDF, 0xFB, 0xFF, 0xAF, 0xE2, 0xFF, 0x2E, 0x10, 0x66, 0x01, 0x00, 0x00,
    0x00, 0x00, 0x00, 0x00, 0x00, 0x00, 0x00, 0x00, 0x00, 0x00, 0x00, 0x00, 0x00, 0x00, 0x00, 0x00,
    0x00, 0x00, 0x00, 0x00, 0x00, 0x00, 0x10, 0x66, 0x01, 0xE3, 0xFF, 0x2E, 0xFB, 0xFF, 0xAF, 0xFE,
    0xFF, 0xDF, 0xFB, 0xFF, 0xAF, 0xE2, 0xFF, 0x2E, 0x10, 0x66, 0x01, 0x00, 0x61, 0x16, 0x00, 0x30,
    0xFE, 0xEF, 0x02, 0xB0, 0xFF, 0xFF, 0x0A, 0xE0, 0xFF, 0xFF, 0x0D, 0xB0, 0xFF, 0xFF, 0x0A, 0x20,
    0xFE, 0xEF, 0x02, 0x00, 0x61, 0x16, 0x00, 0x00, 0x00, 0x00, 0x00, 0x00, 0x00, 0x00, 0x00, 0x00,
    0x00, 0x00, 0x00, 0x00, 0x00, 0x00, 0x00, 0x00, 0x00, 0x00, 0x00, 0x00, 0x00, 0x00, 0x00, 0x00,
    0x00, 0x00, 0x00, 0x00, 0x00, 0x00, 0x00, 0x00, 0x00, 0x00, 0x00, 0x00, 0xE8, 0x8E, 0x00, 0x80,
    0xFF, 0xFF, 0x07, 0xD0, 0xFF, 0xFF, 0x0C, 0xD0, 0xFF, 0xFF, 0x0C, 0x60, 0xFF, 0xFF, 0x09, 0x00,
    0xFD, 0xFF, 0x03, 0x10, 0xFF, 0xCF, 0x00, 0x40, 0xFF, 0x5F, 0x00, 0x80, 0xFF, 0x0E, 0x00, 0xC0,
    0xFF, 0x07, 0x00, 0xF0, 0xFF, 0x00, 0x00, 0xF4, 0x8F, 0x00, 0x00, 0x00, 0x00, 0x00, 0x00, 0x00,
    0x00, 0x10, 0x88, 0x00, 0x00, 0x00, 0x00, 0x00, 0x00, 0x20, 0xFA, 0xFF, 0x00, 0x00, 0x00, 0x00,
    0x00, 0x30, 0xFB, 0xFF, 0xFF, 0x07, 0x00, 0x00, 0x00, 0x40, 0xFC, 0xFF, 0xFF, 0xBF, 0x04, 0x00,
    0x00, 0x50, 0xFD, 0xFF, 0xFF, 0x9F, 0x02, 0x00, 0x00, 0x60, 0xFD, 0xFF, 0xFF, 0x7E, 0x01, 0x00,
    0x00, 0x71, 0xFE, 0xFF, 0xFF, 0x5C, 0x00, 0x00, 0x00, 0x00, 0xFE, 0xFF, 0xFF, 0x3A, 0x00, 0x00,
    0x00, 0x00, 0x00, 0xFE, 0xEF, 0x18, 0x00, 0x00, 0x00, 0x00, 0x00, 0x00, 0xFE, 0xBF, 0x04, 0x00,
    0x00, 0x00, 0x00, 0x00, 0x00, 0xFE, 0xFF, 0xDF, 0x06, 0x00, 0x00, 0x00, 0x00, 0x00, 0xB4, 0xFF,
    0xFF, 0xEF, 0x18, 0x00, 0x00, 0x00, 0x00, 0x00, 0xA3, 0xFF, 0xFF, 0xFF, 0x2A, 0x00, 0x00, 0x00,
    0x00, 0x00, 0x92, 0xFF, 0xFF, 0xFF, 0x4B, 0x00, 0x00, 0x00, 0x00, 0x00, 0x81, 0xFF, 0xFF, 0xFF,
    0x6D, 0x00, 0x00, 0x00, 0x00, 0x00, 0x70, 0xFE, 0xFF, 0xFF, 0x08, 0x00, 0x00, 0x00, 0x00, 0x00,
    0x60, 0xFD, 0xFF, 0x02, 0x00, 0x00, 0x00, 0x00, 0x00, 0x00, 0x50, 0xBC, 0x00, 0x00, 0x00, 0x00,
    0x00, 0x00, 0x00, 0x00, 0x00, 0x00, 0x20, 0x22, 0x22, 0x22, 0x22, 0x22, 0x22, 0x22, 0x00, 0xF6,
    0xFF, 0xFF, 0xFF, 0xFF, 0xFF, 0xFF, 0xFF, 0x04, 0xF6, 0xFF, 0xFF, 0xFF, 0xFF, 0xFF, 0xFF, 0xFF,
    0x04, 0xF6, 0xFF, 0xFF, 0xFF, 0xFF, 0xFF, 0xFF, 0xFF, 0x04, 0x00, 0x00, 0x00, 0x00, 0x00, 0x00,
    0x00, 0x00, 0x00, 0x00, 0x00, 0x00, 0x00, 0x00, 0x00, 0x00, 0x00, 0x00, 0x00, 0x00, 0x00, 0x00,
    0x00, 0x00, 0x00, 0x00, 0x00, 0x00, 0x00, 0x00, 0x00, 0x00, 0x00, 0x00, 0x00, 0x00, 0x20, 0x22,
    0x22, 0x22, 0x22, 0x22, 0x22, 0x22, 0x00, 0xF6, 0xFF, 0xFF, 0xFF, 0xFF, 0xFF, 0xFF, 0xFF, 0x04,
    0xF6, 0xFF, 0xFF, 0xFF, 0xFF, 0xFF, 0xFF, 0xFF, 0x04, 0xF6, 0xFF, 0xFF, 0xFF, 0xFF, 0xFF, 0xFF,
    0xFF, 0x04, 0xA0, 0x17, 0x00, 0x00, 0x00, 0x00, 0x00, 0x00, 0x00, 0xF2, 0xFF, 0x18, 0x00, 0x00,
    0x00, 0x00, 0x00, 0x00, 0xF9, 0xFF, 0xFF, 0x29, 0x00, 0x00, 0x00, 0x00, 0x00, 0xD5, 0xFF, 0xFF,
    0xFF, 0x3A, 0x00, 0x00, 0x00, 0x00, 0x00, 0xB4, 0xFF, 0xFF, 0xFF, 0x4B, 0x00, 0x00, 0x00, 0x00,
    0x00, 0x82, 0xFF, 0xFF, 0xFF, 0x5C, 0x00, 0x00, 0x00, 0x00, 0x00, 0x60, 0xFD, 0xFF, 0xFF, 0x6D,
    0x00, 0x00, 0x00, 0x00, 0x00, 0x40, 0xFB, 0xFF, 0xFF, 0x0B, 0x00, 0x00, 0x00, 0x00, 0x00, 0x20,
    0xF9, 0xFF, 0x0C, 0x00, 0x00, 0x00, 0x00, 0x00, 0x00, 0xD5, 0xFF, 0x0C, 0x00, 0x00, 0x00, 0x00,
    0x10, 0xE7, 0xFF, 0xFF, 0x0C, 0x00, 0x00, 0x00, 0x20, 0xF9, 0xFF, 0xFF, 0xAF, 0x03, 0x00, 0x00,
    0x40, 0xFB, 0xFF, 0xFF, 0x9F, 0x02, 0x00, 0x00, 0x60, 0xFD, 0xFF, 0xFF, 0x8E, 0x01, 0x00, 0x00,
    0x71, 0xFE, 0xFF, 0xFF, 0x7E, 0x00, 0x00, 0x00, 0x00, 0xFB, 0xFF, 0xFF, 0x6D, 0x00, 0x00, 0x00,
    0x00, 0x00, 0xF4, 0xFF, 0x5C, 0x00, 0x00, 0x00, 0x00, 0x00, 0x00, 0xD0, 0x4B, 0x00, 0x00, 0x00,
    0x00, 0x00, 0x00, 0x00, 0x00, 0x00, 0x00, 0x00, 0x00, 0x00, 0x00, 0x00, 0x00, 0x00, 0x00, 0x00,
    0x63, 0x77, 0x25, 0x00, 0x00, 0x00, 0x00, 0x10, 0xE8, 0xFF, 0xFF, 0xFF, 0x6D, 0x00, 0x00, 0x00,
    0xF5, 0xFF, 0xFF, 0xFF, 0xFF, 0xFF, 0x0B, 0x00, 0x80, 0xFF, 0xFF, 0xCF, 0xCA, 0xFE, 0xFF, 0xAF,
    0x00, 0xF6, 0xFF, 0x8F, 0x01, 0x00, 0x70, 0xFF, 0xFF, 0x04, 0xC1, 0xEF, 0x03, 0x00, 0x00, 0x00,
    0xF8, 0xFF, 0x0A, 0x00, 0x38, 0x00, 0x00, 0x00, 0x00, 0xF3, 0xFF, 0x0C, 0x00, 0x00, 0x00, 0x00,
    0x00, 0x00, 0xF2, 0xFF, 0x0D, 0x00, 0x00, 0x00, 0x00, 0x00, 0x00, 0xF6, 0xFF, 0x0B, 0x00, 0x00,
    0x00, 0x00, 0x00, 0x10, 0xFE, 0xFF, 0x06, 0x00, 0x00, 0x00, 0x00, 0x00, 0xE3, 0xFF, 0xDF, 0x00,
    0x00, 0x00, 0x00, 0x00, 0x70, 0xFF, 0xFF, 0x2E, 0x00, 0x00, 0x00, 0x00, 0x00, 0xFB, 0xFF, 0xCF,
    0x02, 0x00, 0x00, 0x00, 0x00, 0xC0, 0xFF, 0xFF, 0x09, 0x00, 0x00, 0x00, 0x00, 0x00, 0xF8, 0xFF,
    0x5F, 0x00, 0x00, 0x00, 0x00, 0x00, 0x00, 0xFF, 0xFF, 0x05, 0x00, 0x00, 0x00, 0x00, 0x00, 0x40,
    0xFF, 0xBF, 0x00, 0x00, 0x00, 0x00, 0x00, 0x00, 0x60, 0xFF, 0x7F, 0x00, 0x00, 0x00, 0x00, 0x00,
    0x00, 0x70, 0xFF, 0x5F, 0x00, 0x00, 0x00, 0x00, 0x00, 0x00, 0x70, 0xFF, 0x5F, 0x00, 0x00, 0x00,
    0x00, 0x00, 0x00, 0x10, 0x33, 0x03, 0x00, 0x00, 0x00, 0x00, 0x00, 0x00, 0x00, 0x00, 0x00, 0x00,
    0x00, 0x00, 0x00, 0x00, 0x00, 0x00, 0x00, 0x00, 0x00, 0x00, 0x00, 0x00, 0x00, 0x00, 0x00, 0x00,
    0x00, 0x00, 0x00, 0x00, 0x00, 0x00, 0x00, 0x00, 0x73, 0x04, 0x00, 0x00, 0x00, 0x00, 0x00, 0x00,
    0x80, 0xFF, 0xAF, 0x00, 0x00, 0x00, 0x00, 0x00, 0x00, 0xF2, 0xFF, 0xFF, 0x03, 0x00, 0x00, 0x00,
    0x00, 0x00, 0xF4, 0xFF, 0xFF, 0x06, 0x00, 0x00, 0x00, 0x00, 0x00, 0xF2, 0xFF, 0xFF, 0x03, 0x00,
    0x00, 0x00, 0x00, 0x00, 0x80, 0xFF, 0xAF, 0x00, 0x00, 0x00, 0x00, 0x00, 0x00, 0x00, 0x74, 0x04,
    0x00, 0x00, 0x00, 0x00, 0x00, 0x00, 0x00, 0x00, 0x00, 0x00, 0x00, 0x00, 0x53, 0x76, 0x67, 0x35,
    0x00, 0x00, 0x00, 0x00, 0x00, 0x00, 0x00, 0x00, 0x00, 0x00, 0x00, 0x00, 0x00, 0x72, 0xFC, 0xFF,
    0xFF, 0xFF, 0xFF, 0xCF, 0x27, 0x00, 0x00, 0x00, 0x00, 0x00, 0x00, 0x00, 0x00, 0x00, 0x00, 0xA3,
    0xFF, 0xFF, 0xFF, 0xFF, 0xFF, 0xFF, 0xFF, 0xFF, 0x3B, 0x00, 0x00, 0x00, 0x00, 0x00, 0x00, 0x00,
    0x00, 0x90, 0xFF, 0xFF, 0xFF, 0xDF, 0xAB, 0xBA, 0xFD, 0xFF, 0xFF, 0xFF, 0x08, 0x00, 0x00, 0x00,
    0x00, 0x00, 0x00, 0x20, 0xFD, 0xFF, 0xEF, 0x38, 0x00, 0x00, 0x00, 0x00, 0x73, 0xFE, 0xFF, 0xDF,
    0x01, 0x00, 0x00, 0x00, 0x00, 0x00, 0xF3, 0xFF, 0xEF, 0x06, 0x00, 0x00, 0x00, 0x00, 0x00, 0x00,
    0x60, 0xFE, 0xFF, 0x2E, 0x00, 0x00, 0x00, 0x00, 0x30, 0xFF, 0xFF, 0x1B, 0x00, 0x00, 0x00, 0x00,
    0x00, 0x00, 0x00, 0x00, 0xB1, 0xFF, 0xDF, 0x01, 0x00, 0x00, 0x00, 0xE1, 0xFF, 0x9F, 0x00, 0x00,
    0x00, 0x00, 0x00, 0x00, 0x00, 0x00, 0x00, 0x00, 0xFB, 0xFF, 0x0A, 0x00, 0x00, 0x00, 0xFB, 0xFF,
    0x0A, 0x00, 0x00, 0x00, 0x00, 0x10, 0x01, 0x00, 0x00, 0x00, 0x00, 0xD0, 0xFF, 0x4F, 0x00, 0x00,
    0x50, 0xFF, 0xDF, 0x00, 0x00, 0x00, 0x00, 0xC7, 0xFF, 0xFF, 0x9D, 0x03, 0x00, 0x00, 0x30, 0xFF,
    0xDF, 0x00, 0x00, 0xE0, 0xFF, 0x3F, 0x00, 0x00, 0x00, 0xE4, 0xFF, 0xFF, 0xFF, 0xFF, 0xBF, 0x02,
    0x00, 0x00, 0xFB, 0xFF, 0x04, 0x00, 0xF5, 0xFF, 0x0A, 0x00, 0x00, 0x50, 0xFF, 0xFF, 0xFF, 0xFF,
    0xFF, 0xFF, 0x07, 0x00, 0x00, 0xF4, 0xFF, 0x0A, 0x00, 0xFC, 0xFF, 0x03, 0x00, 0x00, 0xF2, 0xFF,
    0xAF, 0x03, 0x30, 0xF8, 0xFF, 0x07, 0x00, 0x00, 0xE0, 0xFF, 0x0E, 0x10, 0xFF, 0xDF, 0x00, 0x00,
    0x00, 0xFB, 0xFF, 0x07, 0x00, 0x00, 0xF0, 0xFF, 0x07, 0x00, 0x00, 0xA0, 0xFF, 0x2F, 0x60, 0xFF,
    0x8F, 0x00, 0x00, 0x20, 0xFF, 0xBF, 0x00, 0x00, 0x00, 0xF0, 0xFF, 0x07, 0x00, 0x00, 0x80, 0xFF,
    0x5F, 0x90, 0xFF, 0x4F, 0x00, 0x00, 0x80, 0xFF, 0x4F, 0x00, 0x00, 0x00, 0xF0, 0xFF, 0x07, 0x00,
    0x00, 0x60, 0xFF, 0x7F, 0xC0, 0xFF, 0x1F, 0x00, 0x00, 0xC0, 0xFF, 0x0F, 0x00, 0x00, 0x00, 0xF0,
    0xFF, 0x07, 0x00, 0x00, 0x50, 0xFF, 0x8F, 0xF0, 0xFF, 0x0F, 0x00, 0x00, 0xF0, 0xFF, 0x0C, 0x00,
    0x00, 0x00, 0xF0, 0xFF, 0x07, 0x00, 0x00, 0x40, 0xFF, 0x9F, 0xF0, 0xFF, 0x0D, 0x00, 0x00, 0xF1,
    0xFF, 0x0A, 0x00, 0x00, 0x00, 0xF0, 0xFF, 0x07, 0x00, 0x00, 0x50, 0xFF, 0x8F, 0xF0, 0xFF, 0x0D,
    0x00, 0x00, 0xF1, 0xFF, 0x09, 0x00, 0x00, 0x00, 0xF0, 0xFF, 0x07, 0x00, 0x00, 0x50, 0xFF, 0x7F,
    0xF0, 0xFF, 0x0D, 0x00, 0x00, 0xF2, 0xFF, 0x09, 0x00, 0x00, 0x00, 0xF0, 0xFF, 0x07, 0x00, 0x00,
    0x70, 0xFF, 0x5F, 0xF0, 0xFF, 0x0D, 0x00, 0x00, 0xF1, 0xFF, 0x0A, 0x00, 0x00, 0x00, 0xF0, 0xFF,
    0x07, 0x00, 0x00, 0x90, 0xFF, 0x3F, 0xE0, 0xFF, 0x0F, 0x00, 0x00, 0xF0, 0xFF, 0x0B, 0x00, 0x00,
    0x00, 0xF0, 0xFF, 0x07, 0x00, 0x00, 0xC0, 0xFF, 0x0F, 0xC0, 0xFF, 0x1F, 0x00, 0x00, 0xD0, 0xFF,
    0x0E, 0x00, 0x00, 0x00, 0xF2, 0xFF, 0x08, 0x00, 0x00, 0xF1, 0xFF, 0x0B, 0x90, 0xFF, 0x4F, 0x00,
    0x00, 0x90, 0xFF, 0x4F, 0x00, 0x00, 0x00, 0xFA, 0xFF, 0x0B, 0x00, 0x00, 0xF6, 0xFF, 0x06, 0x60,
    0xFF, 0x8F, 0x00, 0x00, 0x30, 0xFF, 0xCF, 0x00, 0x00, 0x60, 0xFF, 0xFE, 0x1F, 0x00, 0x10, 0xFE,
    0xEF, 0x00, 0x10, 0xFF, 0xDF, 0x00, 0x00, 0x00, 0xFB, 0xFF, 0x4C, 0x42, 0xFA, 0x7F, 0xF9, 0xCF,
    0x24, 0xE6, 0xFF, 0x6F, 0x00, 0x00, 0xFC, 0xFF, 0x04, 0x00, 0x00, 0xE2, 0xFF, 0xFF, 0xFF, 0xFF,
    0x0D, 0xF2, 0xFF, 0xFF, 0xFF, 0xFF, 0x0B, 0x00, 0x00, 0xF6, 0xFF, 0x0B, 0x00, 0x00, 0x30, 0xFE,
    0xFF, 0xFF, 0xDF, 0x01, 0x50, 0xFF, 0xFF, 0xFF, 0xAF, 0x00, 0x00, 0x00, 0xE0, 0xFF, 0x4F, 0x00,
    0x00, 0x00, 0x71, 0xFD, 0xDF, 0x08, 0x00, 0x00, 0xB3, 0xFE, 0xAD, 0x04, 0x00, 0x00, 0x00, 0x50,
    0xFF, 0xEF, 0x01, 0x00, 0x00, 0x00, 0x00, 0x00, 0x00, 0x00, 0x00, 0x00, 0x00, 0x00, 0x00, 0x00,
    0x00, 0x00, 0x00, 0xFB, 0xFF, 0x0C, 0x00, 0x00, 0x00, 0x00, 0x00, 0x00, 0x00, 0x00, 0x00, 0x00,
    0x00, 0x00, 0x00, 0x00, 0x00, 0x00, 0xE1, 0xFF, 0xCF, 0x01, 0x00, 0x00, 0x00, 0x00, 0x00, 0x00,
    0x00, 0x00, 0x00, 0x00, 0x00, 0x00, 0x00, 0x00, 0x00, 0x20, 0xFE, 0xFF, 0x5E, 0x00, 0x00, 0x00,
    0x00, 0x00, 0x00, 0x00, 0x00, 0x00, 0x00, 0x00, 0x00, 0x00, 0x00, 0x00, 0x00, 0xE2, 0xFF, 0xFF,
    0x4C, 0x00, 0x00, 0x00, 0x00, 0x00, 0x00, 0x51, 0x00, 0x00, 0x00, 0x00, 0x00, 0x00, 0x00, 0x00,
    0x10, 0xFB, 0xFF, 0xFF, 0xAF, 0x47, 0x23, 0x32, 0x64, 0xC9, 0xFF, 0x04, 0x00, 0x00, 0x00, 0x00,
    0x00, 0x00, 0x00, 0x00, 0x50, 0xFE, 0xFF, 0xFF, 0xFF, 0xFF, 0xFF, 0xFF, 0xFF, 0xFF, 0x0A, 0x00,
    0x00, 0x00, 0x00, 0x00, 0x00, 0x00, 0x00, 0x00, 0x50, 0xFC, 0xFF, 0xFF, 0xFF, 0xFF, 0xFF, 0xFF,
    0xEF, 0x08, 0x00, 0x00, 0x00, 0x00, 0x00, 0x00, 0x00, 0x00, 0x00, 0x00, 0x10, 0x95, 0xDB, 0xFE,
    0xFF, 0xCE, 0x69, 0x02, 0x00, 0x00, 0x00, 0x00, 0x00, 0x00, 0x00, 0x00, 0x00, 0xB0, 0xFF, 0xFF,
    0x09, 0x00, 0x00, 0x00, 0x00, 0x00, 0x00, 0x00, 0x00, 0xF0, 0xFF, 0xFF, 0x0E, 0x00, 0x00, 0x00,
    0x00, 0x00, 0x00, 0x00, 0x00, 0xF5, 0xFF, 0xFF, 0x3F, 0x00, 0x00, 0x00, 0x00, 0x00, 0x00, 0x00,
    0x00, 0xFA, 0xEF, 0xFF, 0x8F, 0x00, 0x00, 0x00, 0x00, 0x00, 0x00, 0x00, 0x00, 0xFF, 0x8F, 0xFC,
    0xDF, 0x00, 0x00, 0x00, 0x00, 0x00, 0x00, 0x00, 0x40, 0xFF, 0x3F, 0xF7, 0xFF, 0x03, 0x00, 0x00,
    0x00, 0x00, 0x00, 0x00, 0x90, 0xFF, 0x0E, 0xF2, 0xFF, 0x08, 0x00, 0x00, 0x00, 0x00, 0x00, 0x00,
    0xE0, 0xFF, 0x09, 0xD0, 0xFF, 0x0D, 0x00, 0x00, 0x00, 0x00, 0x00, 0x00, 0xF3, 0xFF, 0x04, 0x90,
    0xFF, 0x2F, 0x00, 0x00, 0x00, 0x00, 0x00, 0x00, 0xF9, 0xFF, 0x00, 0x40, 0xFF, 0x7F, 0x00, 0x00,
    0x00, 0x00, 0x00, 0x00, 0xFE, 0xAF, 0x00, 0x00, 0xFE, 0xCF, 0x00, 0x00, 0x00, 0x00, 0x00, 0x30,
    0xFF, 0x5F, 0x00, 0x00, 0xFA, 0xFF, 0x01, 0x00, 0x00, 0x00, 0x00, 0x80, 0xFF, 0x1F, 0x00, 0x00,
    0xF5, 0xFF, 0x06, 0x00, 0x00, 0x00, 0x00, 0xD0, 0xFF, 0x0C, 0x00, 0x00, 0xF0, 0xFF, 0x0B, 0x00,
    0x00, 0x00, 0x00, 0xF2, 0xFF, 0x07, 0x00, 0x00, 0xB0, 0xFF, 0x0F, 0x00, 0x00, 0x00, 0x00, 0xF7,
    0xFF, 0x02, 0x00, 0x00, 0x60, 0xFF, 0x5F, 0x00, 0x00, 0x00, 0x00, 0xFC, 0xDF, 0x00, 0x00, 0x00,
    0x20, 0xFF, 0xAF, 0x00, 0x00, 0x00, 0x10, 0xFF, 0x8F, 0x00, 0x00, 0x00, 0x00, 0xFD, 0xFF, 0x00,
    0x00, 0x00, 0x60, 0xFF, 0xFF, 0xFF, 0xFF, 0xFF, 0xFF, 0xFF, 0xFF, 0x04, 0x00, 0x00, 0xB0, 0xFF,
    0xFF, 0xFF, 0xFF, 0xFF, 0xFF, 0xFF, 0xFF, 0x09, 0x00, 0x00, 0xF1, 0xFF, 0xFF, 0xFF, 0xFF, 0xFF,
    0xFF, 0xFF, 0xFF, 0x0E, 0x00, 0x00, 0xF5, 0xFF, 0x26, 0x22, 0x22, 0x22, 0x22, 0xA2, 0xFF, 0x4F,
    0x00, 0x00, 0xFB, 0xFF, 0x00, 0x00, 0x00, 0x00, 0x00, 0x50, 0xFF, 0x9F, 0x00, 0x00, 0xFF, 0xCF,
    0x00, 0x00, 0x00, 0x00, 0x00, 0x10, 0xFF, 0xEF, 0x00, 0x50, 0xFF, 0x7F, 0x00, 0x00, 0x00, 0x00,
    0x00, 0x00, 0xFC, 0xFF, 0x03, 0xA0, 0xFF, 0x3F, 0x00, 0x00, 0x00, 0x00, 0x00, 0x00, 0xF8, 0xFF,
    0x08, 0xE0, 0xFF, 0x0E, 0x00, 0x00, 0x00, 0x00, 0x00, 0x00, 0xF3, 0xFF, 0x0D, 0xF4, 0xFF, 0x0A,
    0x00, 0x00, 0x00, 0x00, 0x00, 0x00, 0xF0, 0xFF, 0x2F, 0xF9, 0xFF, 0x06, 0x00, 0x00, 0x00, 0x00,
    0x00, 0x00, 0xA0, 0xFF, 0x7F, 0xFD, 0xFF, 0xFF, 0xFF, 0xEE, 0x9B, 0x15, 0x00, 0x00, 0x00, 0xFD,
    0xFF, 0xFF, 0xFF, 0xFF, 0xFF, 0xFF, 0x19, 0x00, 0x00, 0xFD, 0xFF, 0xFF, 0xFF, 0xFF, 0xFF, 0xFF,
    0xEF, 0x04, 0x00, 0xFD, 0xFF, 0x23, 0x22, 0x42, 0xA6, 0xFF, 0xFF, 0x2F, 0x00, 0xFD, 0xFF, 0x02,
    0x00, 0x00, 0x00, 0xD2, 0xFF, 0xAF, 0x00, 0xFD, 0xFF, 0x02, 0x00, 0x00, 0x00, 0x30, 0xFF, 0xFF,
    0x00, 0xFD, 0xFF, 0x02, 0x00, 0x00, 0x00, 0x00, 0xFE, 0xFF, 0x02, 0xFD, 0xFF, 0x02, 0x00, 0x00,
    0x00, 0x00, 0xFD, 0xFF, 0x03, 0xFD, 0xFF, 0x02, 0x00, 0x00, 0x00, 0x00, 0xFF, 0xFF, 0x01, 0xFD,
    0xFF, 0x02, 0x00, 0x00, 0x00, 0x50, 0xFF, 0xCF, 0x00, 0xFD, 0xFF, 0x02, 0x00, 0x00, 0x00, 0xE3,
    0xFF, 0x4F, 0x00, 0xFD, 0xFF, 0x02, 0x00, 0x10, 0x94, 0xFF, 0xFF, 0x07, 0x00, 0xFD, 0xFF, 0xFF,
    0xFF, 0xFF, 0xFF, 0xFF, 0x4D, 0x00, 0x00, 0xFD, 0xFF, 0xFF, 0xFF, 0xFF, 0xFF, 0xAF, 0x02, 0x00,
    0x00, 0xFD, 0xFF, 0xFF, 0xFF, 0xFF, 0xFF, 0xFF, 0xCF, 0x03, 0x00, 0xFD, 0xFF, 0x23, 0x22, 0x22,
    0x84, 0xFD, 0xFF, 0x7F, 0x00, 0xFD, 0xFF, 0x02, 0x00, 0x00, 0x00, 0x70, 0xFF, 0xFF, 0x06, 0xFD,
    0xFF, 0x02, 0x00, 0x00, 0x00, 0x00, 0xF8, 0xFF, 0x0E, 0xFD, 0xFF, 0x02, 0x00, 0x00, 0x00, 0x00,
    0xF1, 0xFF, 0x3F, 0xFD, 0xFF, 0x02, 0x00, 0x00, 0x00, 0x00, 0xC0, 0xFF, 0x6F, 0xFD, 0xFF, 0x02,
    0x00, 0x00, 0x00, 0x00, 0xB0, 0xFF, 0x7F, 0xFD, 0xFF, 0x02, 0x00, 0x00, 0x00, 0x00, 0xC0, 0xFF,
    0x6F, 0xFD, 0xFF, 0x02, 0x00, 0x00, 0x00, 0x00, 0xE0, 0xFF, 0x4F, 0xFD, 0xFF, 0x02, 0x00, 0x00,
    0x00, 0x00, 0xF5, 0xFF, 0x0F, 0xFD, 0xFF, 0x02, 0x00, 0x00, 0x00, 0x40, 0xFF, 0xFF, 0x09, 0xFD,
    0xFF, 0x23, 0x22, 0x32, 0x85, 0xFC, 0xFF, 0xEF, 0x01, 0xFD, 0xFF, 0xFF, 0xFF, 0xFF, 0xFF, 0xFF,
    0xFF, 0x2E, 0x00, 0xFD, 0xFF, 0xFF, 0xFF, 0xFF, 0xFF, 0xFF, 0x8F, 0x00, 0x00, 0xFD, 0xFF, 0xFF,
    0xFF, 0xEF, 0xBE, 0x59, 0x00, 0x00, 0x00, 0x00, 0x00, 0x00, 0x00, 0x20, 0x75, 0x67, 0x15, 0x00,
    0x00, 0x00, 0x00, 0x00, 0x00, 0x70, 0xFD, 0xFF, 0xFF, 0xFF, 0x6D, 0x00, 0x00, 0x00, 0x00, 0x40,
    0xFE, 0xFF, 0xFF, 0xFF, 0xFF, 0xFF, 0x3D, 0x00, 0x00, 0x00, 0xF6, 0xFF, 0xFF, 0xBE, 0xBA, 0xFF,
    0xFF, 0xDF, 0x00, 0x00, 0x50, 0xFF, 0xFF, 0x4C, 0x00, 0x00, 0x40, 0xFC, 0x2F, 0x00, 0x00, 0xF2,
    0xFF, 0x9F, 0x00, 0x00, 0x00, 0x00, 0x70, 0x04, 0x00, 0x00, 0xFA, 0xFF, 0x0B, 0x00, 0x00, 0x00,
    0x00, 0x00, 0x00, 0x00, 0x20, 0xFF, 0xFF, 0x01, 0x00, 0x00, 0x00, 0x00, 0x00, 0x00, 0x00, 0x90,
    0xFF, 0x9F, 0x00, 0x00, 0x00, 0x00, 0x00, 0x00, 0x00, 0x00, 0xE0, 0xFF, 0x4F, 0x00, 0x00, 0x00,
    0x00, 0x00, 0x00, 0x00, 0x00, 0xF2, 0xFF, 0x0F, 0x00, 0x00, 0x00, 0x00, 0x00, 0x00, 0x00, 0x00,
    0xF5, 0xFF, 0x0D, 0x00, 0x00, 0x00, 0x00, 0x00, 0x00, 0x00, 0x00, 0xF8, 0xFF, 0x0A, 0x00, 0x00,
    0x00, 0x00, 0x00, 0x00, 0x00, 0x00, 0xF9, 0xFF, 0x09, 0x00, 0x00, 0x00, 0x00, 0x00, 0x00, 0x00,
    0x00, 0xFA, 0xFF, 0x08, 0x00, 0x00, 0x00, 0x00, 0x00, 0x00, 0x00, 0x00, 0xFB, 0xFF, 0x08, 0x00,
    0x00, 0x00, 0x00, 0x00, 0x00, 0x00, 0x00, 0xFA, 0xFF, 0x08, 0x00, 0x00, 0x00, 0x00, 0x00, 0x00,
    0x00, 0x00, 0xF9, 0xFF, 0x09, 0x00, 0x00, 0x00, 0x00, 0x00, 0x00, 0x00, 0x00, 0xF8, 0xFF, 0x0A,
    0x00, 0x00, 0x00, 0x00, 0x00, 0x00, 0x00, 0x00, 0xF6, 0xFF, 0x0D, 0x00, 0x00, 0x00, 0x00, 0x00,
    0x00, 0x00, 0x00, 0xF2, 0xFF, 0x0F, 0x00, 0x00, 0x00, 0x00, 0x00, 0x00, 0x00, 0x00, 0xE0, 0xFF,
    0x4F, 0x00, 0x00, 0x00, 0x00, 0x00, 0x00, 0x00, 0x00, 0x90, 0xFF, 0x9F, 0x00, 0x00, 0x00, 0x00,
    0x00, 0x00, 0x00, 0x00, 0x30, 0xFF, 0xFF, 0x01, 0x00, 0x00, 0x00, 0x00, 0x00, 0x00, 0x00, 0x00,
    0xFB, 0xFF, 0x0B, 0x00, 0x00, 0x00, 0x00, 0x00, 0x00, 0x00, 0x00, 0xF2, 0xFF, 0x9F, 0x00, 0x00,
    0x00, 0x00, 0x50, 0x1D, 0x00, 0x00, 0x60, 0xFF, 0xFF, 0x4C, 0x00, 0x00, 0x40, 0xFC, 0xBF, 0x00,
    0x00, 0x00, 0xF7, 0xFF, 0xFF, 0xBE, 0xBA, 0xFE, 0xFF, 0xFF, 0x04, 0x00, 0x00, 0x50, 0xFE, 0xFF,
    0xFF, 0xFF, 0xFF, 0xFF, 0x4E, 0x00, 0x00, 0x00, 0x00, 0x80, 0xFE, 0xFF, 0xFF, 0xFF, 0x6C, 0x00,
    0x00, 0x00, 0x00, 0x00, 0x00, 0x20, 0x75, 0x67, 0x15, 0x00, 0x00, 0x00, 0xFD, 0xFF, 0xFF, 0xEF,
    0xCD, 0x58, 0x01, 0x00, 0x00, 0x00, 0x00, 0xFD, 0xFF, 0xFF, 0xFF, 0xFF, 0xFF, 0xAF, 0x03, 0x00,
    0x00, 0x00, 0xFD, 0xFF, 0xFF, 0xFF, 0xFF, 0xFF, 0xFF, 0xAF, 0x01, 0x00, 0x00, 0xFD, 0xFF, 0x23,
    0x22, 0x54, 0xE9, 0xFF, 0xFF, 0x2E, 0x00, 0x00, 0xFD, 0xFF, 0x02, 0x00, 0x00, 0x00, 0xF6, 0xFF,
    0xEF, 0x01, 0x00, 0xFD, 0xFF, 0x02, 0x00, 0x00, 0x00, 0x30, 0xFF, 0xFF, 0x0A, 0x00, 0xFD, 0xFF,
    0x02, 0x00, 0x00, 0x00, 0x00, 0xF6, 0xFF, 0x2F, 0x00, 0xFD, 0xFF, 0x02, 0x00, 0x00, 0x00, 0x00,
    0xD0, 0xFF, 0x9F, 0x00, 0xFD, 0xFF, 0x02, 0x00, 0x00, 0x00, 0x00, 0x70, 0xFF, 0xDF, 0x00, 0xFD,
    0xFF, 0x02, 0x00, 0x00, 0x00, 0x00, 0x30, 0xFF, 0xFF, 0x01, 0xFD, 0xFF, 0x02, 0x00, 0x00, 0x00,
    0x00, 0x00, 0xFF, 0xFF, 0x04, 0xFD, 0xFF, 0x02, 0x00, 0x00, 0x00, 0x00, 0x00, 0xFD, 0xFF, 0x06,
    0xFD, 0xFF, 0x02, 0x00, 0x00, 0x00, 0x00, 0x00, 0xFB, 0xFF, 0x07, 0xFD, 0xFF, 0x02, 0x00, 0x00,
    0x00, 0x00, 0x00, 0xFB, 0xFF, 0x08, 0xFD, 0xFF, 0x02, 0x00, 0x00, 0x00, 0x00, 0x00, 0xFA, 0xFF,
    0x08, 0xFD, 0xFF, 0x02, 0x00, 0x00, 0x00, 0x00, 0x00, 0xFB, 0xFF, 0x08, 0xFD, 0xFF, 0x02, 0x00,
    0x00, 0x00, 0x00, 0x00, 0xFC, 0xFF, 0x07, 0xFD, 0xFF, 0x02, 0x00, 0x00, 0x00, 0x00, 0x00, 0xFD,
    0xFF, 0x05, 0xFD, 0xFF, 0x02, 0x00, 0x00, 0x00, 0x00, 0x00, 0xFF, 0xFF, 0x03, 0xFD, 0xFF, 0x02,
    0x00, 0x00, 0x00, 0x00, 0x30, 0xFF, 0xFF, 0x00, 0xFD, 0xFF, 0x02, 0x00, 0x00, 0x00, 0x00, 0x80,
    0xFF, 0xCF, 0x00, 0xFD, 0xFF, 0x02, 0x00, 0x00, 0x00, 0x00, 0xE0, 0xFF, 0x7F, 0x00, 0xFD, 0xFF,
    0x02, 0x00, 0x00, 0x00, 0x00, 0xF8, 0xFF, 0x1F, 0x00, 0xFD, 0xFF, 0x02, 0x00, 0x00, 0x00, 0x50,
    0xFF, 0xFF, 0x07, 0x00, 0xFD, 0xFF, 0x02, 0x00, 0x00, 0x10, 0xF9, 0xFF, 0xBF, 0x00, 0x00, 0xFD,
    0xFF, 0x23, 0x22, 0x53, 0xFA, 0xFF, 0xFF, 0x0B, 0x00, 0x00, 0xFD, 0xFF, 0xFF, 0xFF, 0xFF, 0xFF,
    0xFF, 0x7F, 0x00, 0x00, 0x00, 0xFD, 0xFF, 0xFF, 0xFF, 0xFF, 0xFF, 0x9F, 0x02, 0x00, 0x00, 0x00,
    0xFD, 0xFF, 0xFF, 0xFF, 0xCE, 0x59, 0x01, 0x00, 0x00, 0x00, 0x00, 0xFD, 0xFF, 0xFF, 0xFF, 0xFF,
    0xFF, 0xFF, 0xAF, 0x00, 0xFD, 0xFF, 0xFF, 0xFF, 0xFF, 0xFF, 0xFF, 0x7F, 0x00, 0xFD, 0xFF, 0xFF,
    0xFF, 0xFF, 0xFF, 0xFF, 0x5F, 0x00, 0xFD, 0xFF, 0x23, 0x22, 0x22, 0x22, 0x22, 0x02, 0x00, 0xFD,
    0xFF, 0x02, 0x00, 0x00, 0x00, 0x00, 0x00, 0x00, 0xFD, 0xFF, 0x02, 0x00, 0x00, 0x00, 0x00, 0x00,
    0x00, 0xFD, 0xFF, 0x02, 0x00, 0x00, 0x00, 0x00, 0x00, 0x00, 0xFD, 0xFF, 0x02, 0x00, 0x00, 0x00,
    0x00, 0x00, 0x00, 0xFD, 0xFF, 0x02, 0x00, 0x00, 0x00, 0x00, 0x00, 0x00, 0xFD, 0xFF, 0x02, 0x00,
    0x00, 0x00, 0x00, 0x00, 0x00, 0xFD, 0xFF, 0x02, 0x00, 0x00, 0x00, 0x00, 0x00, 0x00, 0xFD, 0xFF,
    0x02, 0x00, 0x00, 0x00, 0x00, 0x00, 0x00, 0xFD, 0xFF, 0x23, 0x22, 0x22, 0x22, 0x12, 0x00, 0x00,
    0xFD, 0xFF, 0xFF, 0xFF, 0xFF, 0xFF, 0xCF, 0x00, 0x00, 0xFD, 0xFF, 0xFF, 0xFF, 0xFF, 0xFF, 0xCF,
    0x00, 0x00, 0xFD, 0xFF, 0xFF, 0xFF, 0xFF, 0xFF, 0xCF, 0x00, 0x00, 0xFD, 0xFF, 0x02, 0x00, 0x00,
    0x00, 0x00, 0x00, 0x00, 0xFD, 0xFF, 0x02, 0x00, 0x00, 0x00, 0x00, 0x00, 0x00, 0xFD, 0xFF, 0x02,
    0x00, 0x00, 0x00, 0x00, 0x00, 0x00, 0xFD, 0xFF, 0x02, 0x00, 0x00, 0x00, 0x00, 0x00, 0x00, 0xFD,
    0xFF, 0x02, 0x00, 0x00, 0x00, 0x00, 0x00, 0x00, 0xFD, 0xFF, 0x02, 0x00, 0x00, 0x00, 0x00, 0x00,
    0x00, 0xFD, 0xFF, 0x02, 0x00, 0x00, 0x00, 0x00, 0x00, 0x00, 0xFD, 0xFF, 0x02, 0x00, 0x00, 0x00,
    0x00, 0x00, 0x00, 0xFD, 0xFF, 0x02, 0x00, 0x00, 0x00, 0x00, 0x00, 0x00, 0xFD, 0xFF, 0x23, 0x22,
    0x22, 0x22, 0x22, 0x22, 0x00, 0xFD, 0xFF, 0xFF, 0xFF, 0xFF, 0xFF, 0xFF, 0xFF, 0x00, 0xFD, 0xFF,
    0xFF, 0xFF, 0xFF, 0xFF, 0xFF, 0xFF, 0x00, 0xFD, 0xFF, 0xFF, 0xFF, 0xFF, 0xFF, 0xFF, 0xFF, 0x00,
    0xFD, 0xFF, 0xFF, 0xFF, 0xFF, 0xFF, 0xFF, 0x5F, 0xFD, 0xFF, 0xFF, 0xFF, 0xFF, 0xFF, 0xFF, 0x3F,
    0xFD, 0xFF, 0xFF, 0xFF, 0xFF, 0xFF, 0xFF, 0x0F, 0xFD, 0xFF, 0x23, 0x22, 0x22, 0x22, 0x22, 0x02,
    0xFD, 0xFF, 0x02, 0x00, 0x00, 0x00, 0x00, 0x00, 0xFD, 0xFF, 0x02, 0x00, 0x00, 0x00, 0x00, 0x00,
    0xFD, 0xFF, 0x02, 0x00, 0x00, 0x00, 0x00, 0x00, 0xFD, 0xFF, 0x02, 0x00, 0x00, 0x00, 0x00, 0x00,
    0xFD, 0xFF, 0x02, 0x00, 0x00, 0x00, 0x00, 0x00, 0xFD, 0xFF, 0x02, 0x00, 0x00, 0x00, 0x00, 0x00,
    0xFD, 0xFF, 0x02, 0x00, 0x00, 0x00, 0x00, 0x00, 0xFD, 0xFF, 0x02, 0x00, 0x00, 0x00, 0x00, 0x00,
    0xFD, 0xFF, 0x23, 0x22, 0x22, 0x22, 0x12, 0x00, 0xFD, 0xFF, 0xFF, 0xFF, 0xFF, 0xFF, 0x8F, 0x00,
    0xFD, 0xFF, 0xFF, 0xFF, 0xFF, 0xFF, 0x8F, 0x00, 0xFD, 0xFF, 0xFF, 0xFF, 0xFF, 0xFF, 0x8F, 0x00,
    0xFD, 0xFF, 0x02, 0x00, 0x00, 0x00, 0x00, 0x00, 0xFD, 0xFF, 0x02, 0x00, 0x00, 0x00, 0x00, 0x00,
    0xFD, 0xFF, 0x02, 0x00, 0x00, 0x00, 0x00, 0x00, 0xFD, 0xFF, 0x02, 0x00, 0x00, 0x00, 0x00, 0x00,
    0xFD, 0xFF, 0x02, 0x00, 0x00, 0x00, 0x00, 0x00, 0xFD, 0xFF, 0x02, 0x00, 0x00, 0x00, 0x00, 0x00,
    0xFD, 0xFF, 0x02, 0x00, 0x00, 0x00, 0x00, 0x00, 0xFD, 0xFF, 0x02, 0x00, 0x00, 0x00, 0x00, 0x00,
    0xFD, 0xFF, 0x02, 0x00, 0x00, 0x00, 0x00, 0x00, 0xFD, 0xFF, 0x02, 0x00, 0x00, 0x00, 0x00, 0x00,
    0xFD, 0xFF, 0x02, 0x00, 0x00, 0x00, 0x00, 0x00, 0xFD, 0xFF, 0x02, 0x00, 0x00, 0x00, 0x00, 0x00,
    0xFD, 0xFF, 0x02, 0x00, 0x00, 0x00, 0x00, 0x00, 0x00, 0x00, 0x00, 0x00, 0x00, 0x64, 0x77, 0x35,
    0x00, 0x00, 0x00, 0x00, 0x00, 0x00, 0x40, 0xFB, 0xFF, 0xFF, 0xFF, 0xBF, 0x03, 0x00, 0x00, 0x00,
    0x10, 0xFB, 0xFF, 0xFF, 0xFF, 0xFF, 0xFF, 0xBF, 0x01, 0x00, 0x00, 0xE3, 0xFF, 0xFF, 0xCF, 0xBA,
    0xFC, 0xFF, 0xFF, 0x2E, 0x00, 0x20, 0xFE, 0xFF, 0x6E, 0x00, 0x00, 0x10, 0xE7, 0xFF, 0x08, 0x00,
    0xD0, 0xFF, 0xCF, 0x01, 0x00, 0x00, 0x00, 0x10, 0x9B, 0x00, 0x00, 0xF8, 0xFF, 0x1E, 0x00, 0x00,
    0x00, 0x00, 0x00, 0x00, 0x00, 0x10, 0xFF, 0xFF, 0x04, 0x00, 0x00, 0x00, 0x00, 0x00, 0x00, 0x00,
    0x70, 0xFF, 0xCF, 0x00, 0x00, 0x00, 0x00, 0x00, 0x00, 0x00, 0x00, 0xD0, 0xFF, 0x6F, 0x00, 0x00,
    0x00, 0x00, 0x00, 0x00, 0x00, 0x00, 0xF1, 0xFF, 0x1F, 0x00, 0x00, 0x00, 0x00, 0x00, 0x00, 0x00,
    0x00, 0xF5, 0xFF, 0x0D, 0x00, 0x00, 0x00, 0x00, 0x00, 0x00, 0x00, 0x00, 0xF7, 0xFF, 0x0B, 0x00,
    0x00, 0x00, 0x00, 0x00, 0x00, 0x00, 0x00, 0xF9, 0xFF, 0x09, 0x00, 0x00, 0x00, 0x21, 0x22, 0x22,
    0x22, 0x12, 0xFA, 0xFF, 0x08, 0x00, 0x00, 0x00, 0xFA, 0xFF, 0xFF, 0xFF, 0xBF, 0xFB, 0xFF, 0x08,
    0x00, 0x00, 0x00, 0xF8, 0xFF, 0xFF, 0xFF, 0xBF, 0xFA, 0xFF, 0x08, 0x00, 0x00, 0x00, 0xF5, 0xFF,
    0xFF, 0xFF, 0xBF, 0xF9, 0xFF, 0x09, 0x00, 0x00, 0x00, 0x00, 0x00, 0x30, 0xFF, 0xBF, 0xF8, 0xFF,
    0x0A, 0x00, 0x00, 0x00, 0x00, 0x00, 0x30, 0xFF, 0xBF, 0xF6, 0xFF, 0x0C, 0x00, 0x00, 0x00, 0x00,
    0x00, 0x30, 0xFF, 0xBF, 0xF3, 0xFF, 0x0F, 0x00, 0x00, 0x00, 0x00, 0x00, 0x30, 0xFF, 0xBF, 0xF0,
    0xFF, 0x3F, 0x00, 0x00, 0x00, 0x00, 0x00, 0x30, 0xFF, 0xBF, 0xB0, 0xFF, 0x7F, 0x00, 0x00, 0x00,
    0x00, 0x00, 0x30, 0xFF, 0xBF, 0x50, 0xFF, 0xEF, 0x00, 0x00, 0x00, 0x00, 0x00, 0x30, 0xFF, 0xBF,
    0x00, 0xFE, 0xFF, 0x08, 0x00, 0x00, 0x00, 0x00, 0x30, 0xFF, 0xBF, 0x00, 0xF4, 0xFF, 0x5F, 0x00,
    0x00, 0x00, 0x00, 0x30, 0xFF, 0xBF, 0x00, 0x90, 0xFF, 0xFF, 0x2A, 0x00, 0x00, 0x10, 0xD6, 0xFF,
    0xBF, 0x00, 0x00, 0xFA, 0xFF, 0xFF, 0xBD, 0xBA, 0xFD, 0xFF, 0xFF, 0xBF, 0x00, 0x00, 0x70, 0xFF,
    0xFF, 0xFF, 0xFF, 0xFF, 0xFF, 0xFF, 0x2A, 0x00, 0x00, 0x00, 0x91, 0xFE, 0xFF, 0xFF, 0xFF, 0xCF,
    0x17, 0x00, 0x00, 0x00, 0x00, 0x00, 0x30, 0x65, 0x67, 0x35, 0x00, 0x00, 0x00, 0xFD, 0xFF, 0x02,
    0x00, 0x00, 0x00, 0x00, 0x00, 0xFC, 0xFF, 0x02, 0xFD, 0xFF, 0x02, 0x00, 0x00, 0x00, 0x00, 0x00,
    0xFC, 0xFF, 0x02, 0xFD, 0xFF, 0x02, 0x00, 0x00, 0x00, 0x00, 0x00, 0xFC, 0xFF, 0x02, 0xFD, 0xFF,
    0x02, 0x00, 0x00, 0x00, 0x00, 0x00, 0xFC, 0xFF, 0x02, 0xFD, 0xFF, 0x02, 0x00, 0x00, 0x00, 0x00,
    0x00, 0xFC, 0xFF, 0x02, 0xFD, 0xFF, 0x02, 0x00, 0x00, 0x00, 0x00, 0x00, 0xFC, 0xFF, 0x02, 0xFD,
    0xFF, 0x02, 0x00, 0x00, 0x00, 0x00, 0x00, 0xFC, 0xFF, 0x02, 0xFD, 0xFF, 0x02, 0x00, 0x00, 0x00,
    0x00, 0x00, 0xFC, 0xFF, 0x02, 0xFD, 0xFF, 0x02, 0x00, 0x00, 0x00, 0x00, 0x00, 0xFC, 0xFF, 0x02,
    0xFD, 0xFF, 0x02, 0x00, 0x00, 0x00, 0x00, 0x00, 0xFC, 0xFF, 0x02, 0xFD, 0xFF, 0x02, 0x00, 0x00,
    0x00, 0x00, 0x00, 0xFC, 0xFF, 0x02, 0xFD, 0xFF, 0x02, 0x00, 0x00, 0x00, 0x00, 0x00, 0xFC, 0xFF,
    0x02, 0xFD, 0xFF, 0xFF, 0xFF, 0xFF, 0xFF, 0xFF, 0xFF, 0xFF, 0xFF, 0x02, 0xFD, 0xFF, 0xFF, 0xFF,
    0xFF, 0xFF, 0xFF, 0xFF, 0xFF, 0xFF, 0x02, 0xFD, 0xFF, 0xFF, 0xFF, 0xFF, 0xFF, 0xFF, 0xFF, 0xFF,
    0xFF, 0x02, 0xFD, 0xFF, 0x23, 0x22, 0x22, 0x22, 0x22, 0x22, 0xFD, 0xFF, 0x02, 0xFD, 0xFF, 0x02,
    0x00, 0x00, 0x00, 0x00, 0x00, 0xFC, 0xFF, 0x02, 0xFD, 0xFF, 0x02, 0x00, 0x00, 0x00, 0x00, 0x00,
    0xFC, 0xFF, 0x02, 0xFD, 0xFF, 0x02, 0x00, 0x00, 0x00, 0x00, 0x00, 0xFC, 0xFF, 0x02, 0xFD, 0xFF,
    0x02, 0x00, 0x00, 0x00, 0x00, 0x00, 0xFC, 0xFF, 0x02, 0xFD, 0xFF, 0x02, 0x00, 0x00, 0x00, 0x00,
    0x00, 0xFC, 0xFF, 0x02, 0xFD, 0xFF, 0x02, 0x00, 0x00, 0x00, 0x00, 0x00, 0xFC, 0xFF, 0x02, 0xFD,
    0xFF, 0x02, 0x00, 0x00, 0x00, 0x00, 0x00, 0xFC, 0xFF, 0x02, 0xFD, 0xFF, 0x02, 0x00, 0x00, 0x00,
    0x00, 0x00, 0xFC, 0xFF, 0x02, 0xFD, 0xFF, 0x02, 0x00, 0x00, 0x00, 0x00, 0x00, 0xFC, 0xFF, 0x02,
    0xFD, 0xFF, 0x02, 0x00, 0x00, 0x00, 0x00, 0x00, 0xFC, 0xFF, 0x02, 0xFD, 0xFF, 0x02, 0x00, 0x00,
    0x00, 0x00, 0x00, 0xFC, 0xFF, 0x02, 0xFD, 0xFF, 0x02, 0x00, 0x00, 0x00, 0x00, 0x00, 0xFC, 0xFF,
    0x02, 0xFD, 0xFF, 0x02, 0x00, 0x00, 0x00, 0x00, 0x00, 0xFC, 0xFF, 0x02, 0xFD, 0xFF, 0x02, 0xFD,
    0xFF, 0x02, 0xFD, 0xFF, 0x02, 0xFD, 0xFF, 0x02, 0xFD, 0xFF, 0x02, 0xFD, 0xFF, 0x02, 0xFD, 0xFF,
    0x02, 0xFD, 0xFF, 0x02, 0xFD, 0xFF, 0x02, 0xFD, 0xFF, 0x02, 0xFD, 0xFF, 0x02, 0xFD, 0xFF, 0x02,
    0xFD, 0xFF, 0x02, 0xFD, 0xFF, 0x02, 0xFD, 0xFF, 0x02, 0xFD, 0xFF, 0x02, 0xFD, 0xFF, 0x02, 0xFD,
    0xFF, 0x02, 0xFD, 0xFF, 0x02, 0xFD, 0xFF, 0x02, 0xFD, 0xFF, 0x02, 0xFD, 0xFF, 0x02, 0xFD, 0xFF,
    0x02, 0xFD, 0xFF, 0x02, 0xFD, 0xFF, 0x02, 0xFD, 0xFF, 0x02, 0xFD, 0xFF, 0x02, 0xFD, 0xFF, 0x02,
    0xFD, 0xFF, 0x02, 0x00, 0x00, 0xF3, 0xFF, 0x0C, 0x00, 0x00, 0xF3, 0xFF, 0x0C, 0x00, 0x00, 0xF3,
    0xFF, 0x0C, 0x00, 0x00, 0xF3, 0xFF, 0x0C, 0x00, 0x00, 0xF3, 0xFF, 0x0C, 0x00, 0x00, 0xF3, 0xFF,
    0x0C, 0x00, 0x00, 0xF3, 0xFF, 0x0C, 0x00, 0x00, 0xF3, 0xFF, 0x0C, 0x00, 0x00, 0xF3, 0xFF, 0x0C,
    0x00, 0x00, 0xF3, 0xFF, 0x0C, 0x00, 0x00, 0xF3, 0xFF, 0x0C, 0x00, 0x00, 0xF3, 0xFF, 0x0C, 0x00,
    0x00, 0xF3, 0xFF, 0x0C, 0x00, 0x00, 0xF3, 0xFF, 0x0C, 0x00, 0x00, 0xF3, 0xFF, 0x0C, 0x00, 0x00,
    0xF3, 0xFF, 0x0C, 0x00, 0x00, 0xF3, 0xFF, 0x0C, 0x00, 0x00, 0xF3, 0xFF, 0x0C, 0x00, 0x00, 0xF3,
    0xFF, 0x0C, 0x00, 0x00, 0xF3, 0xFF, 0x0C, 0x00, 0x00, 0xF3, 0xFF, 0x0C, 0x00, 0x00, 0xF3, 0xFF,
    0x0C, 0x00, 0x00, 0xF3, 0xFF, 0x0C, 0x00, 0x00, 0xF3, 0xFF, 0x0C, 0x00, 0x00, 0xF3, 0xFF, 0x0C,
    0x00, 0x00, 0xF3, 0xFF, 0x0B, 0x00, 0x00, 0xF4, 0xFF, 0x0A, 0x00, 0x00, 0xF6, 0xFF, 0x09, 0x00,
    0x00, 0xFA, 0xFF, 0x06, 0x00, 0x10, 0xFF, 0xFF, 0x02, 0x00, 0xC1, 0xFF, 0xBF, 0x00, 0x50, 0xFE,
    0xFF, 0x2F, 0x00, 0xF9, 0xFF, 0xFF, 0x03, 0x00, 0xF5, 0xFF, 0x2C, 0x00, 0x00, 0xF0, 0x4B, 0x00,
    0x00, 0x00, 0x10, 0x00, 0x00, 0x00, 0x00, 0xFD, 0xFF, 0x02, 0x00, 0x00, 0x00, 0x00, 0xF3, 0xFF,
    0x5F, 0x00, 0xFD, 0xFF, 0x02, 0x00, 0x00, 0x00, 0x10, 0xFE, 0xFF, 0x08, 0x00, 0xFD, 0xFF, 0x02,
    0x00, 0x00, 0x00, 0xB0, 0xFF, 0xBF, 0x00, 0x00, 0xFD, 0xFF, 0x02, 0x00, 0x00, 0x00, 0xF9, 0xFF,
    0x0D, 0x00, 0x00, 0xFD, 0xFF, 0x02, 0x00, 0x00, 0x50, 0xFF, 0xEF, 0x02, 0x00, 0x00, 0xFD, 0xFF,
    0x02, 0x00, 0x00, 0xF3, 0xFF, 0x4F, 0x00, 0x00, 0x00, 0xFD, 0xFF, 0x02, 0x00, 0x10, 0xFE, 0xFF,
    0x07, 0x00, 0x00, 0x00, 0xFD, 0xFF, 0x02, 0x00, 0xC0, 0xFF, 0x9F, 0x00, 0x00, 0x00, 0x00, 0xFD,
    0xFF, 0x02, 0x00, 0xF9, 0xFF, 0x0C, 0x00, 0x00, 0x00, 0x00, 0xFD, 0xFF, 0x02, 0x60, 0xFF, 0xEF,
    0x01, 0x00, 0x00, 0x00, 0x00, 0xFD, 0xFF, 0x02, 0xF3, 0xFF, 0x3F, 0x00, 0x00, 0x00, 0x00, 0x00,
    0xFD, 0xFF, 0x12, 0xFE, 0xFF, 0x05, 0x00, 0x00, 0x00, 0x00, 0x00, 0xFD, 0xFF, 0xC2, 0xFF, 0x8F,
    0x00, 0x00, 0x00, 0x00, 0x00, 0x00, 0xFD, 0xFF, 0xF9, 0xFF, 0x1F, 0x00, 0x00, 0x00, 0x00, 0x00,
    0x00, 0xFD, 0xFF, 0xE3, 0xFF, 0xBF, 0x00, 0x00, 0x00, 0x00, 0x00, 0x00, 0xFD, 0xFF, 0x42, 0xFF,
    0xFF, 0x08, 0x00, 0x00, 0x00, 0x00, 0x00, 0xFD, 0xFF, 0x02, 0xF8, 0xFF, 0x4F, 0x00, 0x00, 0x00,
    0x00, 0x00, 0xFD, 0xFF, 0x02, 0xC0, 0xFF, 0xEF, 0x01, 0x00, 0x00, 0x00, 0x00, 0xFD, 0xFF, 0x02,
    0x10, 0xFE, 0xFF, 0x0B, 0x00, 0x00, 0x00, 0x00, 0xFD, 0xFF, 0x02, 0x00, 0xF5, 0xFF, 0x7F, 0x00,
    0x00, 0x00, 0x00, 0xFD, 0xFF, 0x02, 0x00, 0x90, 0xFF, 0xFF, 0x03, 0x00, 0x00, 0x00, 0xFD, 0xFF,
    0x02, 0x00, 0x00, 0xFC, 0xFF, 0x1E, 0x00, 0x00, 0x00, 0xFD, 0xFF, 0x02, 0x00, 0x00, 0xF2, 0xFF,
    0xBF, 0x00, 0x00, 0x00, 0xFD, 0xFF, 0x02, 0x00, 0x00, 0x50, 0xFF, 0xFF, 0x07, 0x00, 0x00, 0xFD,
    0xFF, 0x02, 0x00, 0x00, 0x00, 0xFA, 0xFF, 0x3F, 0x00, 0x00, 0xFD, 0xFF, 0x02, 0x00, 0x00, 0x00,
    0xD0, 0xFF, 0xEF, 0x01, 0x00, 0xFD, 0xFF, 0x02, 0x00, 0x00, 0x00, 0x30, 0xFF, 0xFF, 0x0A, 0x00,
    0xFD, 0xFF, 0x02, 0x00, 0x00, 0x00, 0x00, 0xF6, 0xFF, 0x6F, 0x00, 0xFD, 0xFF, 0x02, 0x00, 0x00,
    0x00, 0x00, 0xB0, 0xFF, 0xFF, 0x03, 0xFD, 0xFF, 0x02, 0x00, 0x00, 0x00, 0x00, 0x00, 0xFD, 0xFF,
    0x02, 0x00, 0x00, 0x00, 0x00, 0x00, 0xFD, 0xFF, 0x02, 0x00, 0x00, 0x00, 0x00, 0x00, 0xFD, 0xFF,
    0x02, 0x00, 0x00, 0x00, 0x00, 0x00, 0xFD, 0xFF, 0x02, 0x00, 0x00, 0x00, 0x00, 0x00, 0xFD, 0xFF,
    0x02, 0x00, 0x00, 0x00, 0x00, 0x00, 0xFD, 0xFF, 0x02, 0x00, 0x00, 0x00, 0x00, 0x00, 0xFD, 0xFF,
    0x02, 0x00, 0x00, 0x00, 0x00, 0x00, 0xFD, 0xFF, 0x02, 0x00, 0x00, 0x00, 0x00, 0x00, 0xFD, 0xFF,
    0x02, 0x00, 0x00, 0x00, 0x00, 0x00, 0xFD, 0xFF, 0x02, 0x00, 0x00, 0x00, 0x00, 0x00, 0xFD, 0xFF,
    0x02, 0x00, 0x00, 0x00, 0x00, 0x00, 0xFD, 0xFF, 0x02, 0x00, 0x00, 0x00, 0x00, 0x00, 0xFD, 0xFF,
    0x02, 0x00, 0x00, 0x00, 0x00, 0x00, 0xFD, 0xFF, 0x02, 0x00, 0x00, 0x00, 0x00, 0x00, 0xFD, 0xFF,
    0x02, 0x00, 0x00, 0x00, 0x00, 0x00, 0xFD, 0xFF, 0x02, 0x00, 0x00, 0x00, 0x00, 0x00, 0xFD, 0xFF,
    0x02, 0x00, 0x00, 0x00, 0x00, 0x00, 0xFD, 0xFF, 0x02, 0x00, 0x00, 0x00, 0x00, 0x00, 0xFD, 0xFF,
    0x02, 0x00, 0x00, 0x00, 0x00, 0x00, 0xFD, 0xFF, 0x02, 0x00, 0x00, 0x00, 0x00, 0x00, 0xFD, 0xFF,
    0x02, 0x00, 0x00, 0x00, 0x00, 0x00, 0xFD, 0xFF, 0x02, 0x00, 0x00, 0x00, 0x00, 0x00, 0xFD, 0xFF,
    0x02, 0x00, 0x00, 0x00, 0x00, 0x00, 0xFD, 0xFF, 0x02, 0x00, 0x00, 0x00, 0x00, 0x00, 0xFD, 0xFF,
    0x23, 0x22, 0x22, 0x22, 0x22, 0x22, 0xFD, 0xFF, 0xFF, 0xFF, 0xFF, 0xFF, 0xFF, 0xDF, 0xFD, 0xFF,
    0xFF, 0xFF, 0xFF, 0xFF, 0xFF, 0xAF, 0xFD, 0xFF, 0xFF, 0xFF, 0xFF, 0xFF, 0xFF, 0x8F, 0x00, 0xF1,
    0xFF, 0xFF, 0x07, 0x00, 0x00, 0x00, 0x00, 0x00, 0xFF, 0xFF, 0x8F, 0x00, 0x00, 0xF2, 0xFF, 0xFF,
    0x0B, 0x00, 0x00, 0x00, 0x00, 0x50, 0xFF, 0xFF, 0x9F, 0x00, 0x00, 0xF4, 0xFF, 0xFF, 0x0F, 0x00,
    0x00, 0x00, 0x00, 0x90, 0xFF, 0xFF, 0xAF, 0x00, 0x00, 0xF5, 0xFF, 0xFF, 0x4F, 0x00, 0x00, 0x00,
    0x00, 0xD0, 0xFF, 0xFF, 0xCF, 0x00, 0x00, 0xF6, 0xEF, 0xFF, 0x9F, 0x00, 0x00, 0x00, 0x00, 0xF2,
    0xFF, 0xFE, 0xDF, 0x00, 0x00, 0xF7, 0xCF, 0xFB, 0xDF, 0x00, 0x00, 0x00, 0x00, 0xF6, 0xEF, 0xFA,
    0xEF, 0x00, 0x00, 0xF9, 0xCF, 0xF7, 0xFF, 0x02, 0x00, 0x00, 0x00, 0xFA, 0x9F, 0xFA, 0xFF, 0x00,
    0x00, 0xFA, 0xCF, 0xF2, 0xFF, 0x07, 0x00, 0x00, 0x00, 0xFF, 0x5F, 0xF9, 0xFF, 0x01, 0x00, 0xFB,
    0xBF, 0xD0, 0xFF, 0x0B, 0x00, 0x00, 0x30, 0xFF, 0x0F, 0xF8, 0xFF, 0x02, 0x00, 0xFD, 0xBF, 0x80,
    0xFF, 0x0F, 0x00, 0x00, 0x80, 0xFF, 0x0B, 0xF7, 0xFF, 0x03, 0x00, 0xFE, 0xAF, 0x30, 0xFF, 0x4F,
    0x00, 0x00, 0xC0, 0xFF, 0x07, 0xF6, 0xFF, 0x05, 0x00, 0xFF, 0x9F, 0x00, 0xFE, 0x9F, 0x00, 0x00,
    0xF1, 0xFF, 0x02, 0xF5, 0xFF, 0x06, 0x10, 0xFF, 0x8F, 0x00, 0xFA, 0xDF, 0x00, 0x00, 0xF5, 0xEF,
    0x00, 0xF4, 0xFF, 0x07, 0x20, 0xFF, 0x7F, 0x00, 0xF5, 0xFF, 0x02, 0x00, 0xF9, 0x9F, 0x00, 0xF3,
    0xFF, 0x09, 0x30, 0xFF, 0x6F, 0x00, 0xF0, 0xFF, 0x07, 0x00, 0xFD, 0x4F, 0x00, 0xF1, 0xFF, 0x0A,
    0x50, 0xFF, 0x5F, 0x00, 0xB0, 0xFF, 0x0B, 0x20, 0xFF, 0x0F, 0x00, 0xF0, 0xFF, 0x0B, 0x60, 0xFF,
    0x4F, 0x00, 0x60, 0xFF, 0x0F, 0x60, 0xFF, 0x0B, 0x00, 0xF0, 0xFF, 0x0D, 0x70, 0xFF, 0x3F, 0x00,
    0x10, 0xFF, 0x4F, 0xB0, 0xFF, 0x07, 0x00, 0xE0, 0xFF, 0x0E, 0x90, 0xFF, 0x1F, 0x00, 0x00, 0xFC,
    0x9F, 0xF0, 0xFF, 0x02, 0x00, 0xC0, 0xFF, 0x0F, 0xA0, 0xFF, 0x0F, 0x00, 0x00, 0xF8, 0xDF, 0xF3,
    0xDF, 0x00, 0x00, 0xB0, 0xFF, 0x1F, 0xB0, 0xFF, 0x0F, 0x00, 0x00, 0xF3, 0xFF, 0xFA, 0x9F, 0x00,
    0x00, 0xA0, 0xFF, 0x2F, 0xC0, 0xFF, 0x0E, 0x00, 0x00, 0xE0, 0xFF, 0xFF, 0x4F, 0x00, 0x00, 0x90,
    0xFF, 0x3F, 0xE0, 0xFF, 0x0D, 0x00, 0x00, 0x90, 0xFF, 0xFF, 0x0F, 0x00, 0x00, 0x80, 0xFF, 0x4F,
    0xF0, 0xFF, 0x0B, 0x00, 0x00, 0x40, 0xFF, 0xFF, 0x0B, 0x00, 0x00, 0x60, 0xFF, 0x6F, 0xF0, 0xFF,
    0x0A, 0x00, 0x00, 0x00, 0xFF, 0xFF, 0x06, 0x00, 0x00, 0x50, 0xFF, 0x7F, 0xF2, 0xFF, 0x09, 0x00,
    0x00, 0x00, 0xB8, 0xBB, 0x02, 0x00, 0x00, 0x40, 0xFF, 0x8F, 0xF3, 0xFF, 0x08, 0x00, 0x00, 0x00,
    0x00, 0x00, 0x00, 0x00, 0x00, 0x30, 0xFF, 0xAF, 0xF4, 0xFF, 0x07, 0x00, 0x00, 0x00, 0x00, 0x00,
    0x00, 0x00, 0x00, 0x10, 0xFF, 0xBF, 0xF6, 0xFF, 0x05, 0x00, 0x00, 0x00, 0x00, 0x00, 0x00, 0x00,
    0x00, 0x00, 0xFF, 0xCF, 0xFD, 0xFF, 0x9F, 0x00, 0x00, 0x00, 0x00, 0x00, 0xF6, 0xFF, 0x04, 0xFD,
    0xFF, 0xFF, 0x01, 0x00, 0x00, 0x00, 0x00, 0xF6, 0xFF, 0x04, 0xFD, 0xFF, 0xFF, 0x08, 0x00, 0x00,
    0x00, 0x00, 0xF6, 0xFF, 0x04, 0xFD, 0xFF, 0xFF, 0x0F, 0x00, 0x00, 0x00, 0x00, 0xF6, 0xFF, 0x04,
    0xFD, 0xFF, 0xFF, 0x7F, 0x00, 0x00, 0x00, 0x00, 0xF6, 0xFF, 0x04, 0xFD, 0x9F, 0xFF, 0xEF, 0x00,
    0x00, 0x00, 0x00, 0xF6, 0xFF, 0x04, 0xFD, 0x7F, 0xFB, 0xFF, 0x06, 0x00, 0x00, 0x00, 0xF6, 0xFF,
    0x04, 0xFD, 0x9F, 0xF3, 0xFF, 0x0E, 0x00, 0x00, 0x00, 0xF6, 0xFF, 0x04, 0xFD, 0xAF, 0xC0, 0xFF,
    0x6F, 0x00, 0x00, 0x00, 0xF6, 0xFF, 0x04, 0xFD, 0xBF, 0x40, 0xFF, 0xDF, 0x00, 0x00, 0x00, 0xF6,
    0xFF, 0x04, 0xFD, 0xCF, 0x00, 0xFC, 0xFF, 0x05, 0x00, 0x00, 0xF6, 0xFF, 0x04, 0xFD, 0xCF, 0x00,
    0xF5, 0xFF, 0x0D, 0x00, 0x00, 0xF6, 0xFF, 0x04, 0xFD, 0xDF, 0x00, 0xD0, 0xFF, 0x4F, 0x00, 0x00,
    0xF6, 0xFF, 0x04, 0xFD, 0xDF, 0x00, 0x50, 0xFF, 0xCF, 0x00, 0x00, 0xF6, 0xFF, 0x04, 0xFD, 0xDF,
    0x00, 0x00, 0xFE, 0xFF, 0x04, 0x00, 0xF6, 0xFF, 0x04, 0xFD, 0xDF, 0x00, 0x00, 0xF6, 0xFF, 0x0B,
    0x00, 0xF6, 0xFF, 0x04, 0xFD, 0xEF, 0x00, 0x00, 0xE0, 0xFF, 0x3F, 0x00, 0xF6, 0xFF, 0x04, 0xFD,
    0xEF, 0x00, 0x00, 0x70, 0xFF, 0xBF, 0x00, 0xF5, 0xFF, 0x04, 0xFD, 0xEF, 0x00, 0x00, 0x00, 0xFF,
    0xFF, 0x02, 0xF5, 0xFF, 0x04, 0xFD, 0xEF, 0x00, 0x00, 0x00, 0xF8, 0xFF, 0x0A, 0xF4, 0xFF, 0x04,
    0xFD, 0xEF, 0x00, 0x00, 0x00, 0xF1, 0xFF, 0x2F, 0xF3, 0xFF, 0x04, 0xFD, 0xEF, 0x00, 0x00, 0x00,
    0x90, 0xFF, 0x9F, 0xF2, 0xFF, 0x04, 0xFD, 0xEF, 0x00, 0x00, 0x00, 0x10, 0xFF, 0xFF, 0xF2, 0xFF,
    0x04, 0xFD, 0xEF, 0x00, 0x00, 0x00, 0x00, 0xF9, 0xFF, 0xF9, 0xFF, 0x04, 0xFD, 0xEF, 0x00, 0x00,
    0x00, 0x00, 0xF2, 0xFF, 0xFF, 0xFF, 0x04, 0xFD, 0xEF, 0x00, 0x00, 0x00, 0x00, 0xA0, 0xFF, 0xFF,
    0xFF, 0x04, 0xFD, 0xEF, 0x00, 0x00, 0x00, 0x00, 0x30, 0xFF, 0xFF, 0xFF, 0x04, 0xFD, 0xEF, 0x00,
    0x00, 0x00, 0x00, 0x00, 0xFB, 0xFF, 0xFF, 0x04, 0xFD, 0xEF, 0x00, 0x00, 0x00, 0x00, 0x00, 0xF3,
    0xFF, 0xFF, 0x04, 0x00, 0x00, 0x00, 0x00, 0x20, 0x75, 0x67, 0x15, 0x00, 0x00, 0x00, 0x00, 0x00,
    0x00, 0x00, 0x00, 0x70, 0xFD, 0xFF, 0xFF, 0xFF, 0x6D, 0x00, 0x00, 0x00, 0x00, 0x00, 0x00, 0x40,
    0xFE, 0xFF, 0xFF, 0xFF, 0xFF, 0xFF, 0x3D, 0x00, 0x00, 0x00, 0x00, 0x00, 0xF6, 0xFF, 0xFF, 0xBE,
    0xCA, 0xFE, 0xFF, 0xFF, 0x05, 0x00, 0x00, 0x00, 0x50, 0xFF, 0xFF, 0x3C, 0x00, 0x00, 0x40, 0xFC,
    0xFF, 0x4F, 0x00, 0x00, 0x00, 0xF2, 0xFF, 0x8F, 0x00, 0x00, 0x00, 0x00, 0x90, 0xFF, 0xEF, 0x01,
    0x00, 0x00, 0xFA, 0xFF, 0x0A, 0x00, 0x00, 0x00, 0x00, 0x00, 0xFB, 0xFF, 0x08, 0x00, 0x20, 0xFF,
    0xFF, 0x01, 0x00, 0x00, 0x00, 0x00, 0x00, 0xF2, 0xFF, 0x1F, 0x00, 0x90, 0xFF, 0x9F, 0x00, 0x00,
    0x00, 0x00, 0x00, 0x00, 0xB0, 0xFF, 0x7F, 0x00, 0xE0, 0xFF, 0x4F, 0x00, 0x00, 0x00, 0x00, 0x00,
    0x00, 0x60, 0xFF, 0xCF, 0x00, 0xF2, 0xFF, 0x0F, 0x00, 0x00, 0x00, 0x00, 0x00, 0x00, 0x20, 0xFF,
    0xFF, 0x00, 0xF5, 0xFF, 0x0D, 0x00, 0x00, 0x00, 0x00, 0x00, 0x00, 0x00, 0xFF, 0xFF, 0x03, 0xF8,
    0xFF, 0x0A, 0x00, 0x00, 0x00, 0x00, 0x00, 0x00, 0x00, 0xFD, 0xFF, 0x05, 0xF9, 0xFF, 0x09, 0x00,
    0x00, 0x00, 0x00, 0x00, 0x00, 0x00, 0xFB, 0xFF, 0x07, 0xFA, 0xFF, 0x08, 0x00, 0x00, 0x00, 0x00,
    0x00, 0x00, 0x00, 0xFB, 0xFF, 0x08, 0xFB, 0xFF, 0x08, 0x00, 0x00, 0x00, 0x00, 0x00, 0x00, 0x00,
    0xFA, 0xFF, 0x08, 0xFA, 0xFF, 0x08, 0x00, 0x00, 0x00, 0x00, 0x00, 0x00, 0x00, 0xFB, 0xFF, 0x08,
    0xF9, 0xFF, 0x09, 0x00, 0x00, 0x00, 0x00, 0x00, 0x00, 0x00, 0xFB, 0xFF, 0x07, 0xF8, 0xFF, 0x0A,
    0x00, 0x00, 0x00, 0x00, 0x00, 0x00, 0x00, 0xFD, 0xFF, 0x05, 0xF6, 0xFF, 0x0C, 0x00, 0x00, 0x00,
    0x00, 0x00, 0x00, 0x00, 0xFF, 0xFF, 0x03, 0xF3, 0xFF, 0x0F, 0x00, 0x00, 0x00, 0x00, 0x00, 0x00,
    0x20, 0xFF, 0xFF, 0x00, 0xF0, 0xFF, 0x3F, 0x00, 0x00, 0x00, 0x00, 0x00, 0x00, 0x60, 0xFF, 0xCF,
    0x00, 0xA0, 0xFF, 0x8F, 0x00, 0x00, 0x00, 0x00, 0x00, 0x00, 0xB0, 0xFF, 0x6F, 0x00, 0x40, 0xFF,
    0xFF, 0x01, 0x00, 0x00, 0x00, 0x00, 0x00, 0xF2, 0xFF, 0x1F, 0x00, 0x00, 0xFC, 0xFF, 0x0A, 0x00,
    0x00, 0x00, 0x00, 0x00, 0xFB, 0xFF, 0x08, 0x00, 0x00, 0xF3, 0xFF, 0x8F, 0x00, 0x00, 0x00, 0x00,
    0x90, 0xFF, 0xEF, 0x01, 0x00, 0x00, 0x70, 0xFF, 0xFF, 0x3B, 0x00, 0x00, 0x30, 0xFC, 0xFF, 0x3F,
    0x00, 0x00, 0x00, 0x00, 0xF8, 0xFF, 0xFF, 0xBE, 0xBA, 0xFE, 0xFF, 0xFF, 0x05, 0x00, 0x00, 0x00,
    0x00, 0x50, 0xFF, 0xFF, 0xFF, 0xFF, 0xFF, 0xFF, 0x3D, 0x00, 0x00, 0x00, 0x00, 0x00, 0x00, 0x81,
    0xFE, 0xFF, 0xFF, 0xFF, 0x6D, 0x00, 0x00, 0x00, 0x00, 0x00, 0x00, 0x00, 0x00, 0x20, 0x75, 0x67,
    0x15, 0x00, 0x00, 0x00, 0x00, 0x00, 0xFD, 0xFF, 0xFF, 0xFF, 0xEF, 0x9C, 0x16, 0x00, 0x00, 0x00,
    0xFD, 0xFF, 0xFF, 0xFF, 0xFF, 0xFF, 0xFF, 0x1A, 0x00, 0x00, 0xFD, 0xFF, 0xFF, 0xFF, 0xFF, 0xFF,
    0xFF, 0xFF, 0x04, 0x00, 0xFD, 0xFF, 0x23, 0x22, 0x43, 0xC7, 0xFF, 0xFF, 0x3F, 0x00, 0xFD, 0xFF,
    0x02, 0x00, 0x00, 0x00, 0xF4, 0xFF, 0xDF, 0x00, 0xFD, 0xFF, 0x02, 0x00, 0x00, 0x00, 0x40, 0xFF,
    0xFF, 0x04, 0xFD, 0xFF, 0x02, 0x00, 0x00, 0x00, 0x00, 0xFB, 0xFF, 0x09, 0xFD, 0xFF, 0x02, 0x00,
    0x00, 0x00, 0x00, 0xF7, 0xFF, 0x0C, 0xFD, 0xFF, 0x02, 0x00, 0x00, 0x00, 0x00, 0xF5, 0xFF, 0x0D,
    0xFD, 0xFF, 0x02, 0x00, 0x00, 0x00, 0x00, 0xF5, 0xFF, 0x0D, 0xFD, 0xFF, 0x02, 0x00, 0x00, 0x00,
    0x00, 0xF7, 0xFF, 0x0B, 0xFD, 0xFF, 0x02, 0x00, 0x00, 0x00, 0x00, 0xFB, 0xFF, 0x08, 0xFD, 0xFF,
    0x02, 0x00, 0x00, 0x00, 0x20, 0xFF, 0xFF, 0x03, 0xFD, 0xFF, 0x02, 0x00, 0x00, 0x00, 0xD2, 0xFF,
    0xCF, 0x00, 0xFD, 0xFF, 0x02, 0x00, 0x20, 0x95, 0xFF, 0xFF, 0x3F, 0x00, 0xFD, 0xFF, 0xFF, 0xFF,
    0xFF, 0xFF, 0xFF, 0xFF, 0x03, 0x00, 0xFD, 0xFF, 0xFF, 0xFF, 0xFF, 0xFF, 0xFF, 0x1A, 0x00, 0x00,
    0xFD, 0xFF, 0xFF, 0xFF, 0xFF, 0xBE, 0x17, 0x00, 0x00, 0x00, 0xFD, 0xFF, 0x23, 0x22, 0x01, 0x00,
    0x00, 0x00, 0x00, 0x00, 0xFD, 0xFF, 0x02, 0x00, 0x00, 0x00, 0x00, 0x00, 0x00, 0x00, 0xFD, 0xFF,
    0x02, 0x00, 0x00, 0x00, 0x00, 0x00, 0x00, 0x00, 0xFD, 0xFF, 0x02, 0x00, 0x00, 0x00, 0x00, 0x00,
    0x00, 0x00, 0xFD, 0xFF, 0x02, 0x00, 0x00, 0x00, 0x00, 0x00, 0x00, 0x00, 0xFD, 0xFF, 0x02, 0x00,
    0x00, 0x00, 0x00, 0x00, 0x00, 0x00, 0xFD, 0xFF, 0x02, 0x00, 0x00, 0x00, 0x00, 0x00, 0x00, 0x00,
    0xFD, 0xFF, 0x02, 0x00, 0x00, 0x00, 0x00, 0x00, 0x00, 0x00, 0xFD, 0xFF, 0x02, 0x00, 0x00, 0x00,
    0x00, 0x00, 0x00, 0x00, 0xFD, 0xFF, 0x02, 0x00, 0x00, 0x00, 0x00, 0x00, 0x00, 0x00, 0xFD, 0xFF,
    0x02, 0x00, 0x00, 0x00, 0x00, 0x00, 0x00, 0x00, 0x00, 0x00, 0x00, 0x00, 0x20, 0x75, 0x67, 0x15,
    0x00, 0x00, 0x00, 0x00, 0x00, 0x00, 0x00, 0x00, 0x70, 0xFD, 0xFF, 0xFF, 0xFF, 0x6C, 0x00, 0x00,
    0x00, 0x00, 0x00, 0x00, 0x40, 0xFE, 0xFF, 0xFF, 0xFF, 0xFF, 0xFF, 0x3D, 0x00, 0x00, 0x00, 0x00,
    0x00, 0xF6, 0xFF, 0xFF, 0xBE, 0xCA, 0xFE, 0xFF, 0xFF, 0x05, 0x00, 0x00, 0x00, 0x50, 0xFF, 0xFF,
    0x3C, 0x00, 0x00, 0x40, 0xFC, 0xFF, 0x4F, 0x00, 0x00, 0x00, 0xF1, 0xFF, 0x8F, 0x00, 0x00, 0x00,
    0x00, 0x90, 0xFF, 0xEF, 0x01, 0x00, 0x00, 0xFA, 0xFF, 0x0A, 0x00, 0x00, 0x00, 0x00, 0x00, 0xFB,
    0xFF, 0x08, 0x00, 0x20, 0xFF, 0xFF, 0x01, 0x00, 0x00, 0x00, 0x00, 0x00, 0xF2, 0xFF, 0x1F, 0x00,
    0x80, 0xFF, 0x9F, 0x00, 0x00, 0x00, 0x00, 0x00, 0x00, 0xB0, 0xFF, 0x6F, 0x00, 0xE0, 0xFF, 0x4F,
    0x00, 0x00, 0x00, 0x00, 0x00, 0x00, 0x60, 0xFF, 0xCF, 0x00, 0xF2, 0xFF, 0x0F, 0x00, 0x00, 0x00,
    0x00, 0x00, 0x00, 0x20, 0xFF, 0xFF, 0x00, 0xF5, 0xFF, 0x0D, 0x00, 0x00, 0x00, 0x00, 0x00, 0x00,
    0x00, 0xFF, 0xFF, 0x03, 0xF7, 0xFF, 0x0A, 0x00, 0x00, 0x00, 0x00, 0x00, 0x00, 0x00, 0xFD, 0xFF,
    0x05, 0xF9, 0xFF, 0x09, 0x00, 0x00, 0x00, 0x00, 0x00, 0x00, 0x00, 0xFB, 0xFF, 0x07, 0xFA, 0xFF,
    0x08, 0x00, 0x00, 0x00, 0x00, 0x00, 0x00, 0x00, 0xFB, 0xFF, 0x07, 0xFB, 0xFF, 0x08, 0x00, 0x00,
    0x00, 0x00, 0x00, 0x00, 0x00, 0xFA, 0xFF, 0x08, 0xFA, 0xFF, 0x08, 0x00, 0x00, 0x00, 0x00, 0x00,
    0x00, 0x00, 0xFB, 0xFF, 0x08, 0xFA, 0xFF, 0x09, 0x00, 0x00, 0x00, 0x00, 0x00, 0x00, 0x00, 0xFB,
    0xFF, 0x07, 0xF8, 0xFF, 0x0A, 0x00, 0x00, 0x00, 0x00, 0x00, 0x00, 0x00, 0xFD, 0xFF, 0x05, 0xF6,
    0xFF, 0x0C, 0x00, 0x00, 0x00, 0x00, 0x00, 0x00, 0x00, 0xFF, 0xFF, 0x03, 0xF3, 0xFF, 0x0F, 0x00,
    0x00, 0x00, 0x00, 0x00, 0x00, 0x20, 0xFF, 0xFF, 0x00, 0xF0, 0xFF, 0x3F, 0x00, 0x00, 0x00, 0x00,
    0x00, 0x00, 0x60, 0xFF, 0xCF, 0x00, 0xA0, 0xFF, 0x8F, 0x00, 0x00, 0x00, 0x00, 0x00, 0x00, 0xB0,
    0xFF, 0x6F, 0x00, 0x40, 0xFF, 0xFF, 0x01, 0x00, 0x00, 0x00, 0x00, 0x00, 0xF2, 0xFF, 0x0E, 0x00,
    0x00, 0xFC, 0xFF, 0x0A, 0x00, 0x00, 0x00, 0x00, 0x00, 0xFB, 0xFF, 0x06, 0x00, 0x00, 0xF3, 0xFF,
    0x8F, 0x00, 0x00, 0x00, 0x00, 0x90, 0xFF, 0xAF, 0x00, 0x00, 0x00, 0x70, 0xFF, 0xFF, 0x3B, 0x00,
    0x00, 0x30, 0xFC, 0xFF, 0x0A, 0x00, 0x00, 0x00, 0x00, 0xF9, 0xFF, 0xFF, 0xBE, 0xBA, 0xFE, 0xFF,
    0x8F, 0x00, 0x00, 0x00, 0x00, 0x00, 0x60, 0xFF, 0xFF, 0xFF, 0xFF, 0xFF, 0xFF, 0x6A, 0x03, 0x00,
    0x00, 0x00, 0x00, 0x00, 0x81, 0xFE, 0xFF, 0xFF, 0xFF, 0xFF, 0xFF, 0xFF, 0x3A, 0x00, 0x00, 0x00,
    0x00, 0x00, 0x20, 0x75, 0x88, 0xB9, 0xFD, 0xFF, 0xFF, 0xFF, 0x1B, 0x00, 0x00, 0x00, 0x00, 0x00,
    0x00, 0x00, 0x00, 0x10, 0xD6, 0xFF, 0xFF, 0x6F, 0x00, 0x00, 0x00, 0x00, 0x00, 0x00, 0x00, 0x00,
    0x00, 0x00, 0xF7, 0xFF, 0x0A, 0x00, 0x00, 0x00, 0x00, 0x00, 0x00, 0x00, 0x00, 0x00, 0x00, 0x20,
    0xDD, 0x00, 0x00, 0x00, 0x00, 0x00, 0x00, 0x00, 0x00, 0x00, 0x00, 0x00, 0x00, 0x21, 0x00, 0xFD,
    0xFF, 0xFF, 0xFF, 0xEF, 0xAD, 0x27, 0x00, 0x00, 0x00, 0x00, 0xFD, 0xFF, 0xFF, 0xFF, 0xFF, 0xFF,
    0xFF, 0x3B, 0x00, 0x00, 0x00, 0xFD, 0xFF, 0xFF, 0xFF, 0xFF, 0xFF, 0xFF, 0xFF, 0x06, 0x00, 0x00,
    0xFD, 0xFF, 0x23, 0x22, 0x32, 0xA6, 0xFF, 0xFF, 0x4F, 0x00, 0x00, 0xFD, 0xFF, 0x02, 0x00, 0x00,
    0x00, 0xD2, 0xFF, 0xEF, 0x00, 0x00, 0xFD, 0xFF, 0x02, 0x00, 0x00, 0x00, 0x20, 0xFF, 0xFF, 0x04,
    0x00, 0xFD, 0xFF, 0x02, 0x00, 0x00, 0x00, 0x00, 0xFC, 0xFF, 0x07, 0x00, 0xFD, 0xFF, 0x02, 0x00,
    0x00, 0x00, 0x00, 0xF9, 0xFF, 0x09, 0x00, 0xFD, 0xFF, 0x02, 0x00, 0x00, 0x00, 0x00, 0xFA, 0xFF,
    0x09, 0x00, 0xFD, 0xFF, 0x02, 0x00, 0x00, 0x00, 0x00, 0xFC, 0xFF, 0x07, 0x00, 0xFD, 0xFF, 0x02,
    0x00, 0x00, 0x00, 0x20, 0xFF, 0xFF, 0x03, 0x00, 0xFD, 0xFF, 0x02, 0x00, 0x00, 0x00, 0xC1, 0xFF,
    0xDF, 0x00, 0x00, 0xFD, 0xFF, 0x02, 0x00, 0x10, 0x83, 0xFE, 0xFF, 0x3F, 0x00, 0x00, 0xFD, 0xFF,
    0xFF, 0xFF, 0xFF, 0xFF, 0xFF, 0xEF, 0x04, 0x00, 0x00, 0xFD, 0xFF, 0xFF, 0xFF, 0xFF, 0xFF, 0xFF,
    0x19, 0x00, 0x00, 0x00, 0xFD, 0xFF, 0xFF, 0xFF, 0xFF, 0xFF, 0x1B, 0x00, 0x00, 0x00, 0x00, 0xFD,
    0xFF, 0x23, 0x22, 0xF4, 0xFF, 0x1F, 0x00, 0x00, 0x00, 0x00, 0xFD, 0xFF, 0x02, 0x00, 0xB0, 0xFF,
    0x9F, 0x00, 0x00, 0x00, 0x00, 0xFD, 0xFF, 0x02, 0x00, 0x20, 0xFF, 0xFF, 0x02, 0x00, 0x00, 0x00,
    0xFD, 0xFF, 0x02, 0x00, 0x00, 0xFA, 0xFF, 0x0B, 0x00, 0x00, 0x00, 0xFD, 0xFF, 0x02, 0x00, 0x00,
    0xF1, 0xFF, 0x5F, 0x00, 0x00, 0x00, 0xFD, 0xFF, 0x02, 0x00, 0x00, 0x80, 0xFF, 0xDF, 0x00, 0x00,
    0x00, 0xFD, 0xFF, 0x02, 0x00, 0x00, 0x10, 0xFF, 0xFF, 0x07, 0x00, 0x00, 0xFD, 0xFF, 0x02, 0x00,
    0x00, 0x00, 0xF7, 0xFF, 0x1F, 0x00, 0x00, 0xFD, 0xFF, 0x02, 0x00, 0x00, 0x00, 0xE0, 0xFF, 0x9F,
    0x00, 0x00, 0xFD, 0xFF, 0x02, 0x00, 0x00, 0x00, 0x60, 0xFF, 0xFF, 0x02, 0x00, 0xFD, 0xFF, 0x02,
    0x00, 0x00, 0x00, 0x00, 0xFD, 0xFF, 0x0B, 0x00, 0xFD, 0xFF, 0x02, 0x00, 0x00, 0x00, 0x00, 0xF5,
    0xFF, 0x5F, 0x00, 0xFD, 0xFF, 0x02, 0x00, 0x00, 0x00, 0x00, 0xC0, 0xFF, 0xDF, 0x00, 0x00, 0x00,
    0x00, 0x20, 0x65, 0x67, 0x15, 0x00, 0x00, 0x00, 0x00, 0x00, 0x00, 0x70, 0xFD, 0xFF, 0xFF, 0xFF,
    0x6D, 0x00, 0x00, 0x00, 0x00, 0x20, 0xFD, 0xFF, 0xFF, 0xFF, 0xFF, 0xFF, 0x4D, 0x00, 0x00, 0x00,
    0xE2, 0xFF, 0xFF, 0xBE, 0xCA, 0xFE, 0xFF, 0xFF, 0x07, 0x00, 0x00, 0xFD, 0xFF, 0x4D, 0x00, 0x00,
    0x40, 0xFB, 0xFF, 0x0B, 0x00, 0x40, 0xFF, 0xEF, 0x01, 0x00, 0x00, 0x00, 0x50, 0xCF, 0x00, 0x00,
    0x90, 0xFF, 0x7F, 0x00, 0x00, 0x00, 0x00, 0x00, 0x12, 0x00, 0x00, 0xC0, 0xFF, 0x4F, 0x00, 0x00,
    0x00, 0x00, 0x00, 0x00, 0x00, 0x00, 0xC0, 0xFF, 0x5F, 0x00, 0x00, 0x00, 0x00, 0x00, 0x00, 0x00,
    0x00, 0xA0, 0xFF, 0x9F, 0x00, 0x00, 0x00, 0x00, 0x00, 0x00, 0x00, 0x00, 0x70, 0xFF, 0xFF, 0x04,
    0x00, 0x00, 0x00, 0x00, 0x00, 0x00, 0x00, 0x10, 0xFF, 0xFF, 0x8F, 0x01, 0x00, 0x00, 0x00, 0x00,
    0x00, 0x00, 0x00, 0xF6, 0xFF, 0xFF, 0xAF, 0x04, 0x00, 0x00, 0x00, 0x00, 0x00, 0x00, 0x70, 0xFF,
    0xFF, 0xFF, 0xFF, 0x4A, 0x00, 0x00, 0x00, 0x00, 0x00, 0x00, 0xC3, 0xFF, 0xFF, 0xFF, 0xFF, 0x6D,
    0x00, 0x00, 0x00, 0x00, 0x00, 0x00, 0xC5, 0xFF, 0xFF, 0xFF, 0xFF, 0x2C, 0x00, 0x00, 0x00, 0x00,
    0x00, 0x00, 0x71, 0xFC, 0xFF, 0xFF, 0xEF, 0x02, 0x00, 0x00, 0x00, 0x00, 0x00, 0x00, 0x20, 0xF8,
    0xFF, 0xFF, 0x0D, 0x00, 0x00, 0x00, 0x00, 0x00, 0x00, 0x00, 0x10, 0xFC, 0xFF, 0x6F, 0x00, 0x00,
    0x00, 0x00, 0x00, 0x00, 0x00, 0x00, 0xD0, 0xFF, 0xCF, 0x00, 0x00, 0x00, 0x00, 0x00, 0x00, 0x00,
    0x00, 0x50, 0xFF, 0xFF, 0x00, 0x00, 0x00, 0x00, 0x00, 0x00, 0x00, 0x00, 0x20, 0xFF, 0xFF, 0x00,
    0x00, 0x00, 0x00, 0x00, 0x00, 0x00, 0x00, 0x10, 0xFF, 0xFF, 0x00, 0x00, 0x00, 0x00, 0x00, 0x00,
    0x00, 0x00, 0x30, 0xFF, 0xEF, 0x00, 0x00, 0x04, 0x00, 0x00, 0x00, 0x00, 0x00, 0x90, 0xFF, 0xAF,
    0x00, 0xB0, 0x9F, 0x01, 0x00, 0x00, 0x00, 0x00, 0xF4, 0xFF, 0x4F, 0x00, 0xF9, 0xFF, 0x8F, 0x02,
    0x00, 0x00, 0x81, 0xFF, 0xFF, 0x0B, 0x00, 0xE4, 0xFF, 0xFF, 0xEF, 0xAB, 0xDB, 0xFF, 0xFF, 0xDF,
    0x01, 0x00, 0x10, 0xFB, 0xFF, 0xFF, 0xFF, 0xFF, 0xFF, 0xFF, 0x1A, 0x00, 0x00, 0x00, 0x20, 0xE9,
    0xFF, 0xFF, 0xFF, 0xFF, 0x4B, 0x00, 0x00, 0x00, 0x00, 0x00, 0x00, 0x52, 0x76, 0x67, 0x04, 0x00,
    0x00, 0x00, 0x00, 0xF6, 0xFF, 0xFF, 0xFF, 0xFF, 0xFF, 0xFF, 0xFF, 0xFF, 0xFF, 0x0F, 0xF6, 0xFF,
    0xFF, 0xFF, 0xFF, 0xFF, 0xFF, 0xFF, 0xFF, 0xFF, 0x0E, 0xF6, 0xFF, 0xFF, 0xFF, 0xFF, 0xFF, 0xFF,
    0xFF, 0xFF, 0xFF, 0x0C, 0x20, 0x22, 0x22, 0x22, 0xF5, 0xFF, 0x2C, 0x22, 0x22, 0x22, 0x01, 0x00,
    0x00, 0x00, 0x00, 0xF3, 0xFF, 0x0C, 0x00, 0x00, 0x00, 0x00, 0x00, 0x00, 0x00, 0x00, 0xF3, 0xFF,
    0x0C, 0x00, 0x00, 0x00, 0x00, 0x00, 0x00, 0x00, 0x00, 0xF3, 0xFF, 0x0C, 0x00, 0x00, 0x00, 0x00,
    0x00, 0x00, 0x00, 0x00, 0xF3, 0xFF, 0x0C, 0x00, 0x00, 0x00, 0x00, 0x00, 0x00, 0x00, 0x00, 0xF3,
    0xFF, 0x0C, 0x00, 0x00, 0x00, 0x00, 0x00, 0x00, 0x00, 0x00, 0xF3, 0xFF, 0x0C, 0x00, 0x00, 0x00,
    0x00, 0x00, 0x00, 0x00, 0x00, 0xF3, 0xFF, 0x0C, 0x00, 0x00, 0x00, 0x00, 0x00, 0x00, 0x00, 0x00,
    0xF3, 0xFF, 0x0C, 0x00, 0x00, 0x00, 0x00, 0x00, 0x00, 0x00, 0x00, 0xF3, 0xFF, 0x0C, 0x00, 0x00,
    0x00, 0x00, 0x00, 0x00, 0x00, 0x00, 0xF3, 0xFF, 0x0C, 0x00, 0x00, 0x00, 0x00, 0x00, 0x00, 0x00,
    0x00, 0xF3, 0xFF, 0x0C, 0x00, 0x00, 0x00, 0x00, 0x00, 0x00, 0x00, 0x00, 0xF3, 0xFF, 0x0C, 0x00,
    0x00, 0x00, 0x00, 0x00, 0x00, 0x00, 0x00, 0xF3, 0xFF, 0x0C, 0x00, 0x00, 0x00, 0x00, 0x00, 0x00,
    0x00, 0x00, 0xF3, 0xFF, 0x0C, 0x00, 0x00, 0x00, 0x00, 0x00, 0x00, 0x00, 0x00, 0xF3, 0xFF, 0x0C,
    0x00, 0x00, 0x00, 0x00, 0x00, 0x00, 0x00, 0x00, 0xF3, 0xFF, 0x0C, 0x00, 0x00, 0x00, 0x00, 0x00,
    0x00, 0x00, 0x00, 0xF3, 0xFF, 0x0C, 0x00, 0x00, 0x00, 0x00, 0x00, 0x00, 0x00, 0x00, 0xF3, 0xFF,
    0x0C, 0x00, 0x00, 0x00, 0x00, 0x00, 0x00, 0x00, 0x00, 0xF3, 0xFF, 0x0C, 0x00, 0x00, 0x00, 0x00,
    0x00, 0x00, 0x00, 0x00, 0xF3, 0xFF, 0x0C, 0x00, 0x00, 0x00, 0x00, 0x00, 0x00, 0x00, 0x00, 0xF3,
    0xFF, 0x0C, 0x00, 0x00, 0x00, 0x00, 0x00, 0x00, 0x00, 0x00, 0xF3, 0xFF, 0x0C, 0x00, 0x00, 0x00,
    0x00, 0x00, 0x00, 0x00, 0x00, 0xF3, 0xFF, 0x0C, 0x00, 0x00, 0x00, 0x00, 0x00, 0x00, 0x00, 0x00,
    0xF3, 0xFF, 0x0C, 0x00, 0x00, 0x00, 0x00, 0x00, 0x00, 0x00, 0x00, 0xF3, 0xFF, 0x0C, 0x00, 0x00,
    0x00, 0x00, 0xF4, 0xFF, 0x0B, 0x00, 0x00, 0x00, 0x00, 0x00, 0xF2, 0xFF, 0x0D, 0xF4, 0xFF, 0x0B,
    0x00, 0x00, 0x00, 0x00, 0x00, 0xF2, 0xFF, 0x0D, 0xF4, 0xFF, 0x0B, 0x00, 0x00, 0x00, 0x00, 0x00,
    0xF2, 0xFF, 0x0D, 0xF4, 0xFF, 0x0B, 0x00, 0x00, 0x00, 0x00, 0x00, 0xF2, 0xFF, 0x0D, 0xF4, 0xFF,
    0x0B, 0x00, 0x00, 0x00, 0x00, 0x00, 0xF2, 0xFF, 0x0D, 0xF4, 0xFF, 0x0B, 0x00, 0x00, 0x00, 0x00,
    0x00, 0xF2, 0xFF, 0x0D, 0xF4, 0xFF, 0x0B, 0x00, 0x00, 0x00, 0x00, 0x00, 0xF2, 0xFF, 0x0D, 0xF4,
    0xFF, 0x0B, 0x00, 0x00, 0x00, 0x00, 0x00, 0xF2, 0xFF, 0x0D, 0xF4, 0xFF, 0x0B, 0x00, 0x00, 0x00,
    0x00, 0x00, 0xF2, 0xFF, 0x0D, 0xF4, 0xFF, 0x0B, 0x00, 0x00, 0x00, 0x00, 0x00, 0xF2, 0xFF, 0x0D,
    0xF4, 0xFF, 0x0B, 0x00, 0x00, 0x00, 0x00, 0x00, 0xF2, 0xFF, 0x0D, 0xF4, 0xFF, 0x0B, 0x00, 0x00,
    0x00, 0x00, 0x00, 0xF2, 0xFF, 0x0D, 0xF4, 0xFF, 0x0B, 0x00, 0x00, 0x00, 0x00, 0x00, 0xF2, 0xFF,
    0x0D, 0xF4, 0xFF, 0x0B, 0x00, 0x00, 0x00, 0x00, 0x00, 0xF2, 0xFF, 0x0D, 0xF4, 0xFF, 0x0B, 0x00,
    0x00, 0x00, 0x00, 0x00, 0xF2, 0xFF, 0x0D, 0xF4, 0xFF, 0x0B, 0x00, 0x00, 0x00, 0x00, 0x00, 0xF2,
    0xFF, 0x0D, 0xF4, 0xFF, 0x0B, 0x00, 0x00, 0x00, 0x00, 0x00, 0xF2, 0xFF, 0x0D, 0xF4, 0xFF, 0x0B,
    0x00, 0x00, 0x00, 0x00, 0x00, 0xF2, 0xFF, 0x0D, 0xF4, 0xFF, 0x0B, 0x00, 0x00, 0x00, 0x00, 0x00,
    0xF2, 0xFF, 0x0D, 0xF3, 0xFF, 0x0B, 0x00, 0x00, 0x00, 0x00, 0x00, 0xF2, 0xFF, 0x0D, 0xF3, 0xFF,
    0x0C, 0x00, 0x00, 0x00, 0x00, 0x00, 0xF3, 0xFF, 0x0C, 0xF1, 0xFF, 0x0D, 0x00, 0x00, 0x00, 0x00,
    0x00, 0xF5, 0xFF, 0x0B, 0xE0, 0xFF, 0x1F, 0x00, 0x00, 0x00, 0x00, 0x00, 0xF8, 0xFF, 0x08, 0xA0,
    0xFF, 0x7F, 0x00, 0x00, 0x00, 0x00, 0x00, 0xFE, 0xFF, 0x03, 0x30, 0xFF, 0xFF, 0x02, 0x00, 0x00,
    0x00, 0x90, 0xFF, 0xCF, 0x00, 0x00, 0xFA, 0xFF, 0x5E, 0x00, 0x00, 0x10, 0xFA, 0xFF, 0x3F, 0x00,
    0x00, 0xD0, 0xFF, 0xFF, 0xBF, 0xBA, 0xFD, 0xFF, 0xFF, 0x06, 0x00, 0x00, 0x10, 0xFC, 0xFF, 0xFF,
    0xFF, 0xFF, 0xFF, 0x5F, 0x00, 0x00, 0x00, 0x00, 0x50, 0xFC, 0xFF, 0xFF, 0xFF, 0x9E, 0x01, 0x00,
    0x00, 0x00, 0x00, 0x00, 0x10, 0x65, 0x77, 0x36, 0x00, 0x00, 0x00, 0x00, 0xF9, 0xFF, 0x0A, 0x00,
    0x00, 0x00, 0x00, 0x00, 0x00, 0xF3, 0xFF, 0x0C, 0xF4, 0xFF, 0x0E, 0x00, 0x00, 0x00, 0x00, 0x00,
    0x00, 0xF8, 0xFF, 0x07, 0xE0, 0xFF, 0x3F, 0x00, 0x00, 0x00, 0x00, 0x00, 0x00, 0xFC, 0xFF, 0x02,
    0xA0, 0xFF, 0x8F, 0x00, 0x00, 0x00, 0x00, 0x00, 0x10, 0xFF, 0xDF, 0x00, 0x50, 0xFF, 0xCF, 0x00,
    0x00, 0x00, 0x00, 0x00, 0x60, 0xFF, 0x7F, 0x00, 0x00, 0xFF, 0xFF, 0x01, 0x00, 0x00, 0x00, 0x00,
    0xB0, 0xFF, 0x2F, 0x00, 0x00, 0xFA, 0xFF, 0x06, 0x00, 0x00, 0x00, 0x00, 0xF0, 0xFF, 0x0D, 0x00,
    0x00, 0xF5, 0xFF, 0x0B, 0x00, 0x00, 0x00, 0x00, 0xF4, 0xFF, 0x08, 0x00, 0x00, 0xF0, 0xFF, 0x0F,
    0x00, 0x00, 0x00, 0x00, 0xF9, 0xFF, 0x03, 0x00, 0x00, 0xB0, 0xFF, 0x4F, 0x00, 0x00, 0x00, 0x00,
    0xFD, 0xEF, 0x00, 0x00, 0x00, 0x60, 0xFF, 0x9F, 0x00, 0x00, 0x00, 0x20, 0xFF, 0x9F, 0x00, 0x00,
    0x00, 0x10, 0xFF, 0xDF, 0x00, 0x00, 0x00, 0x70, 0xFF, 0x4F, 0x00, 0x00, 0x00, 0x00, 0xFC, 0xFF,
    0x02, 0x00, 0x00, 0xB0, 0xFF, 0x0F, 0x00, 0x00, 0x00, 0x00, 0xF7, 0xFF, 0x07, 0x00, 0x00, 0xF0,
    0xFF, 0x0A, 0x00, 0x00, 0x00, 0x00, 0xF2, 0xFF, 0x0B, 0x00, 0x00, 0xF5, 0xFF, 0x05, 0x00, 0x00,
    0x00, 0x00, 0xC0, 0xFF, 0x0F, 0x00, 0x00, 0xF9, 0xFF, 0x00, 0x00, 0x00, 0x00, 0x00, 0x70, 0xFF,
    0x5F, 0x00, 0x00, 0xFE, 0xBF, 0x00, 0x00, 0x00, 0x00, 0x00, 0x20, 0xFF, 0x9F, 0x00, 0x30, 0xFF,
    0x6F, 0x00, 0x00, 0x00, 0x00, 0x00, 0x00, 0xFD, 0xEF, 0x00, 0x70, 0xFF, 0x1F, 0x00, 0x00, 0x00,
    0x00, 0x00, 0x00, 0xF8, 0xFF, 0x03, 0xC0, 0xFF, 0x0C, 0x00, 0x00, 0x00, 0x00, 0x00, 0x00, 0xF3,
    0xFF, 0x07, 0xF1, 0xFF, 0x06, 0x00, 0x00, 0x00, 0x00, 0x00, 0x00, 0xE0, 0xFF, 0x0C, 0xF5, 0xFF,
    0x01, 0x00, 0x00, 0x00, 0x00, 0x00, 0x00, 0x90, 0xFF, 0x1F, 0xFA, 0xCF, 0x00, 0x00, 0x00, 0x00,
    0x00, 0x00, 0x00, 0x40, 0xFF, 0x6F, 0xFE, 0x7F, 0x00, 0x00, 0x00, 0x00, 0x00, 0x00, 0x00, 0x00,
    0xFE, 0xDF, 0xFF, 0x2F, 0x00, 0x00, 0x00, 0x00, 0x00, 0x00, 0x00, 0x00, 0xF9, 0xFF, 0xFF, 0x0D,
    0x00, 0x00, 0x00, 0x00, 0x00, 0x00, 0x00, 0x00, 0xF4, 0xFF, 0xFF, 0x08, 0x00, 0x00, 0x00, 0x00,
    0x00, 0x00, 0x00, 0x00, 0xF0, 0xFF, 0xFF, 0x03, 0x00, 0x00, 0x00, 0x00, 0x00, 0x00, 0x00, 0x00,
    0xA0, 0xFF, 0xEF, 0x00, 0x00, 0x00, 0x00, 0x00, 0xFD, 0xFF, 0x00, 0x00, 0x00, 0x00, 0x00, 0xFF,
    0xFF, 0x06, 0x00, 0x00, 0x00, 0x00, 0xF5, 0xFF, 0x04, 0xFA, 0xFF, 0x03, 0x00, 0x00, 0x00, 0x30,
    0xFF, 0xFF, 0x0A, 0x00, 0x00, 0x00, 0x00, 0xF8, 0xFF, 0x01, 0xF7, 0xFF, 0x05, 0x00, 0x00, 0x00,
    0x70, 0xFF, 0xFF, 0x0D, 0x00, 0x00, 0x00, 0x00, 0xFB, 0xDF, 0x00, 0xF4, 0xFF, 0x08, 0x00, 0x00,
    0x00, 0xA0, 0xFF, 0xFF, 0x1F, 0x00, 0x00, 0x00, 0x00, 0xFE, 0xAF, 0x00, 0xF0, 0xFF, 0x0B, 0x00,
    0x00, 0x00, 0xE0, 0xFF, 0xFF, 0x4F, 0x00, 0x00, 0x00, 0x10, 0xFF, 0x7F, 0x00, 0xD0, 0xFF, 0x0E,
    0x00, 0x00, 0x00, 0xF1, 0xFF, 0xFB, 0x8F, 0x00, 0x00, 0x00, 0x40, 0xFF, 0x4F, 0x00, 0xA0, 0xFF,
    0x1F, 0x00, 0x00, 0x00, 0xF5, 0xCF, 0xF7, 0xBF, 0x00, 0x00, 0x00, 0x70, 0xFF, 0x1F, 0x00, 0x70,
    0xFF, 0x4F, 0x00, 0x00, 0x00, 0xF8, 0x9F, 0xF3, 0xFF, 0x00, 0x00, 0x00, 0xA0, 0xFF, 0x0D, 0x00,
    0x30, 0xFF, 0x7F, 0x00, 0x00, 0x00, 0xFC, 0x5F, 0xF0, 0xFF, 0x02, 0x00, 0x00, 0xD0, 0xFF, 0x0A,
    0x00, 0x00, 0xFF, 0xAF, 0x00, 0x00, 0x00, 0xFF, 0x2F, 0xC0, 0xFF, 0x06, 0x00, 0x00, 0xF0, 0xFF,
    0x07, 0x00, 0x00, 0xFD, 0xDF, 0x00, 0x00, 0x30, 0xFF, 0x0E, 0x90, 0xFF, 0x0A, 0x00, 0x00, 0xF3,
    0xFF, 0x04, 0x00, 0x00, 0xFA, 0xFF, 0x00, 0x00, 0x60, 0xFF, 0x0B, 0x50, 0xFF, 0x0D, 0x00, 0x00,
    0xF6, 0xFF, 0x01, 0x00, 0x00, 0xF7, 0xFF, 0x02, 0x00, 0xA0, 0xFF, 0x07, 0x20, 0xFF, 0x1F, 0x00,
    0x00, 0xF9, 0xDF, 0x00, 0x00, 0x00, 0xF3, 0xFF, 0x05, 0x00, 0xD0, 0xFF, 0x03, 0x00, 0xFE, 0x4F,
    0x00, 0x00, 0xFC, 0xAF, 0x00, 0x00, 0x00, 0xF0, 0xFF, 0x08, 0x00, 0xF1, 0xFF, 0x00, 0x00, 0xFB,
    0x8F, 0x00, 0x00, 0xFF, 0x7F, 0x00, 0x00, 0x00, 0xD0, 0xFF, 0x0B, 0x00, 0xF4, 0xCF, 0x00, 0x00,
    0xF7, 0xBF, 0x00, 0x20, 0xFF, 0x4F, 0x00, 0x00, 0x00, 0xA0, 0xFF, 0x0E, 0x00, 0xF7, 0x9F, 0x00,
    0x00, 0xF4, 0xFF, 0x00, 0x50, 0xFF, 0x0F, 0x00, 0x00, 0x00, 0x70, 0xFF, 0x1F, 0x00, 0xFB, 0x5F,
    0x00, 0x00, 0xF0, 0xFF, 0x02, 0x80, 0xFF, 0x0D, 0x00, 0x00, 0x00, 0x30, 0xFF, 0x4F, 0x00, 0xFE,
    0x2F, 0x00, 0x00, 0xD0, 0xFF, 0x06, 0xB0, 0xFF, 0x0A, 0x00, 0x00, 0x00, 0x00, 0xFF, 0x7F, 0x20,
    0xFF, 0x0E, 0x00, 0x00, 0x90, 0xFF, 0x0A, 0xE0, 0xFF, 0x07, 0x00, 0x00, 0x00, 0x00, 0xFD, 0xAF,
    0x50, 0xFF, 0x0B, 0x00, 0x00, 0x60, 0xFF, 0x0D, 0xF1, 0xFF, 0x04, 0x00, 0x00, 0x00, 0x00, 0xFA,
    0xDF, 0x90, 0xFF, 0x07, 0x00, 0x00, 0x20, 0xFF, 0x1F, 0xF4, 0xFF, 0x00, 0x00, 0x00, 0x00, 0x00,
    0xF6, 0xFF, 0xC0, 0xFF, 0x04, 0x00, 0x00, 0x00, 0xFF, 0x4F, 0xF7, 0xDF, 0x00, 0x00, 0x00, 0x00,
    0x00, 0xF3, 0xFF, 0xF3, 0xFF, 0x00, 0x00, 0x00, 0x00, 0xFB, 0x8F, 0xFA, 0xAF, 0x00, 0x00, 0x00,
    0x00, 0x00, 0xF0, 0xFF, 0xF9, 0xDF, 0x00, 0x00, 0x00, 0x00, 0xF8, 0xBF, 0xFD, 0x7F, 0x00, 0x00,
    0x00, 0x00, 0x00, 0xD0, 0xFF, 0xFF, 0x9F, 0x00, 0x00, 0x00, 0x00, 0xF4, 0xFF, 0xFF, 0x3F, 0x00,
    0x00, 0x00, 0x00, 0x00, 0xA0, 0xFF, 0xFF, 0x6F, 0x00, 0x00, 0x00, 0x00, 0xF1, 0xFF, 0xFF, 0x0F,
    0x00, 0x00, 0x00, 0x00, 0x00, 0x60, 0xFF, 0xFF, 0x2F, 0x00, 0x00, 0x00, 0x00, 0xD0, 0xFF, 0xFF,
    0x0D, 0x00, 0x00, 0x00, 0x00, 0x00, 0x30, 0xFF, 0xFF, 0x0E, 0x00, 0x00, 0x00, 0x00, 0xA0, 0xFF,
    0xFF, 0x0A, 0x00, 0x00, 0x00, 0xC0, 0xFF, 0xBF, 0x00, 0x00, 0x00, 0x00, 0x00, 0xF3, 0xFF, 0x1F,
    0x00, 0x30, 0xFF, 0xFF, 0x03, 0x00, 0x00, 0x00, 0x00, 0xFB, 0xFF, 0x07, 0x00, 0x00, 0xF9, 0xFF,
    0x0C, 0x00, 0x00, 0x00, 0x40, 0xFF, 0xDF, 0x00, 0x00, 0x00, 0xE1, 0xFF, 0x4F, 0x00, 0x00, 0x00,
    0xC0, 0xFF, 0x4F, 0x00, 0x00, 0x00, 0x70, 0xFF, 0xDF, 0x00, 0x00, 0x00, 0xF5, 0xFF, 0x0B, 0x00,
    0x00, 0x00, 0x00, 0xFD, 0xFF, 0x05, 0x00, 0x00, 0xFD, 0xFF, 0x02, 0x00, 0x00, 0x00, 0x00, 0xF4,
    0xFF, 0x0D, 0x00, 0x60, 0xFF, 0x8F, 0x00, 0x00, 0x00, 0x00, 0x00, 0xB0, 0xFF, 0x6F, 0x00, 0xE0,
    0xFF, 0x0E, 0x00, 0x00, 0x00, 0x00, 0x00, 0x20, 0xFF, 0xEF, 0x00, 0xF7, 0xFF, 0x06, 0x00, 0x00,
    0x00, 0x00, 0x00, 0x00, 0xF8, 0xFF, 0x07, 0xFE, 0xCF, 0x00, 0x00, 0x00, 0x00, 0x00, 0x00, 0x00,
    0xE0, 0xFF, 0x9F, 0xFF, 0x3F, 0x00, 0x00, 0x00, 0x00, 0x00, 0x00, 0x00, 0x60, 0xFF, 0xFF, 0xFF,
    0x09, 0x00, 0x00, 0x00, 0x00, 0x00, 0x00, 0x00, 0x00, 0xFC, 0xFF, 0xFF, 0x01, 0x00, 0x00, 0x00,
    0x00, 0x00, 0x00, 0x00, 0x00, 0xF5, 0xFF, 0xBF, 0x00, 0x00, 0x00, 0x00, 0x00, 0x00, 0x00, 0x00,
    0x00, 0xFA, 0xFF, 0xFF, 0x03, 0x00, 0x00, 0x00, 0x00, 0x00, 0x00, 0x00, 0x30, 0xFF, 0xFF, 0xFF,
    0x0B, 0x00, 0x00, 0x00, 0x00, 0x00, 0x00, 0x00, 0xC0, 0xFF, 0xBF, 0xFF, 0x4F, 0x00, 0x00, 0x00,
    0x00, 0x00, 0x00, 0x00, 0xF5, 0xFF, 0x27, 0xFF, 0xDF, 0x00, 0x00, 0x00, 0x00, 0x00, 0x00, 0x00,
    0xFE, 0xEF, 0x00, 0xFA, 0xFF, 0x06, 0x00, 0x00, 0x00, 0x00, 0x00, 0x70, 0xFF, 0x7F, 0x00, 0xF2,
    0xFF, 0x1E, 0x00, 0x00, 0x00, 0x00, 0x00, 0xF1, 0xFF, 0x0E, 0x00, 0x90, 0xFF, 0x8F, 0x00, 0x00,
    0x00, 0x00, 0x00, 0xF9, 0xFF, 0x06, 0x00, 0x10, 0xFF, 0xFF, 0x02, 0x00, 0x00, 0x00, 0x20, 0xFF,
    0xDF, 0x00, 0x00, 0x00, 0xF9, 0xFF, 0x0A, 0x00, 0x00, 0x00, 0xB0, 0xFF, 0x5F, 0x00, 0x00, 0x00,
    0xF1, 0xFF, 0x3F, 0x00, 0x00, 0x00, 0xF4, 0xFF, 0x0C, 0x00, 0x00, 0x00, 0x80, 0xFF, 0xCF, 0x00,
    0x00, 0x00, 0xFD, 0xFF, 0x04, 0x00, 0x00, 0x00, 0x10, 0xFF, 0xFF, 0x05, 0x00, 0x60, 0xFF, 0xCF,
    0x00, 0x00, 0x00, 0x00, 0x00, 0xF8, 0xFF, 0x0D, 0x00, 0xE0, 0xFF, 0x3F, 0x00, 0x00, 0x00, 0x00,
    0x00, 0xE0, 0xFF, 0x7F, 0x00, 0xF8, 0xFF, 0x0B, 0x00, 0x00, 0x00, 0x00, 0x00, 0x70, 0xFF, 0xEF,
    0x01, 0xF8, 0xFF, 0x0D, 0x00, 0x00, 0x00, 0x00, 0x00, 0x00, 0xFA, 0xFF, 0x07, 0xF1, 0xFF, 0x4F,
    0x00, 0x00, 0x00, 0x00, 0x00, 0x20, 0xFF, 0xEF, 0x00, 0x80, 0xFF, 0xCF, 0x00, 0x00, 0x00, 0x00,
    0x00, 0xA0, 0xFF, 0x6F, 0x00, 0x00, 0xFE, 0xFF, 0x04, 0x00, 0x00, 0x00, 0x00, 0xF2, 0xFF, 0x0E,
    0x00, 0x00, 0xF7, 0xFF, 0x0C, 0x00, 0x00, 0x00, 0x00, 0xF9, 0xFF, 0x06, 0x00, 0x00, 0xE0, 0xFF,
    0x3F, 0x00, 0x00, 0x00, 0x10, 0xFF, 0xDF, 0x00, 0x00, 0x00, 0x70, 0xFF, 0xBF, 0x00, 0x00, 0x00,
    0x90, 0xFF, 0x5F, 0x00, 0x00, 0x00, 0x00, 0xFE, 0xFF, 0x03, 0x00, 0x00, 0xF1, 0xFF, 0x0D, 0x00,
    0x00, 0x00, 0x00, 0xF6, 0xFF, 0x0B, 0x00, 0x00, 0xF8, 0xFF, 0x04, 0x00, 0x00, 0x00, 0x00, 0xD0,
    0xFF, 0x3F, 0x00, 0x10, 0xFF, 0xCF, 0x00, 0x00, 0x00, 0x00, 0x00, 0x60, 0xFF, 0xAF, 0x00, 0x80,
    0xFF, 0x4F, 0x00, 0x00, 0x00, 0x00, 0x00, 0x00, 0xFD, 0xFF, 0x02, 0xF1, 0xFF, 0x0C, 0x00, 0x00,
    0x00, 0x00, 0x00, 0x00, 0xF5, 0xFF, 0x0A, 0xF7, 0xFF, 0x03, 0x00, 0x00, 0x00, 0x00, 0x00, 0x00,
    0xD0, 0xFF, 0x3F, 0xFE, 0xBF, 0x00, 0x00, 0x00, 0x00, 0x00, 0x00, 0x00, 0x50, 0xFF, 0xEF, 0xFF,
    0x3F, 0x00, 0x00, 0x00, 0x00, 0x00, 0x00, 0x00, 0x00, 0xFC, 0xFF, 0xFF, 0x0A, 0x00, 0x00, 0x00,
    0x00, 0x00, 0x00, 0x00, 0x00, 0xF4, 0xFF, 0xFF, 0x02, 0x00, 0x00, 0x00, 0x00, 0x00, 0x00, 0x00,
    0x00, 0xC0, 0xFF, 0xAF, 0x00, 0x00, 0x00, 0x00, 0x00, 0x00, 0x00, 0x00, 0x00, 0x80, 0xFF, 0x7F,
    0x00, 0x00, 0x00, 0x00, 0x00, 0x00, 0x00, 0x00, 0x00, 0x80, 0xFF, 0x7F, 0x00, 0x00, 0x00, 0x00,
    0x00, 0x00, 0x00, 0x00, 0x00, 0x80, 0xFF, 0x7F, 0x00, 0x00, 0x00, 0x00, 0x00, 0x00, 0x00, 0x00,
    0x00, 0x80, 0xFF, 0x7F, 0x00, 0x00, 0x00, 0x00, 0x00, 0x00, 0x00, 0x00, 0x00, 0x80, 0xFF, 0x7F,
    0x00, 0x00, 0x00, 0x00, 0x00, 0x00, 0x00, 0x00, 0x00, 0x80, 0xFF, 0x7F, 0x00, 0x00, 0x00, 0x00,
    0x00, 0x00, 0x00, 0x00, 0x00, 0x80, 0xFF, 0x7F, 0x00, 0x00, 0x00, 0x00, 0x00, 0x00, 0x00, 0x00,
    0x00, 0x80, 0xFF, 0x7F, 0x00, 0x00, 0x00, 0x00, 0x00, 0x00, 0x00, 0x00, 0x00, 0x80, 0xFF, 0x7F,
    0x00, 0x00, 0x00, 0x00, 0x00, 0x00, 0x00, 0x00, 0x00, 0x80, 0xFF, 0x7F, 0x00, 0x00, 0x00, 0x00,
    0x00, 0x00, 0x00, 0x00, 0x00, 0x80, 0xFF, 0x7F, 0x00, 0x00, 0x00, 0x00, 0x00, 0x40, 0xFF, 0xFF,
    0xFF, 0xFF, 0xFF, 0xFF, 0xFF, 0xFF, 0x0E, 0x40, 0xFF, 0xFF, 0xFF, 0xFF, 0xFF, 0xFF, 0xFF, 0xFF,
    0x0E, 0x40, 0xFF, 0xFF, 0xFF, 0xFF, 0xFF, 0xFF, 0xFF, 0xFF, 0x0E, 0x00, 0x22, 0x22, 0x22, 0x22,
    0x22, 0x22, 0xFB, 0xFF, 0x09, 0x00, 0x00, 0x00, 0x00, 0x00, 0x00, 0x40, 0xFF, 0xEF, 0x00, 0x00,
    0x00, 0x00, 0x00, 0x00, 0x00, 0xD0, 0xFF, 0x5F, 0x00, 0x00, 0x00, 0x00, 0x00, 0x00, 0x00, 0xF8,
    0xFF, 0x0B, 0x00, 0x00, 0x00, 0x00, 0x00, 0x00, 0x20, 0xFF, 0xFF, 0x02, 0x00, 0x00, 0x00, 0x00,
    0x00, 0x00, 0xC0, 0xFF, 0x7F, 0x00, 0x00, 0x00, 0x00, 0x00, 0x00, 0x00, 0xF6, 0xFF, 0x0D, 0x00,
    0x00, 0x00, 0x00, 0x00, 0x00, 0x10, 0xFE, 0xFF, 0x03, 0x00, 0x00, 0x00, 0x00, 0x00, 0x00, 0xA0,
    0xFF, 0x9F, 0x00, 0x00, 0x00, 0x00, 0x00, 0x00, 0x00, 0xF4, 0xFF, 0x1E, 0x00, 0x00, 0x00, 0x00,
    0x00, 0x00, 0x00, 0xFD, 0xFF, 0x05, 0x00, 0x00, 0x00, 0x00, 0x00, 0x00, 0x80, 0xFF, 0xBF, 0x00,
    0x00, 0x00, 0x00, 0x00, 0x00, 0x00, 0xF2, 0xFF, 0x2F, 0x00, 0x00, 0x00, 0x00, 0x00, 0x00, 0x00,
    0xFC, 0xFF, 0x07, 0x00, 0x00, 0x00, 0x00, 0x00, 0x00, 0x60, 0xFF, 0xDF, 0x00, 0x00, 0x00, 0x00,
    0x00, 0x00, 0x00, 0xE1, 0xFF, 0x4F, 0x00, 0x00, 0x00, 0x00, 0x00, 0x00, 0x00, 0xFA, 0xFF, 0x0A,
    0x00, 0x00, 0x00, 0x00, 0x00, 0x00, 0x40, 0xFF, 0xEF, 0x01, 0x00, 0x00, 0x00, 0x00, 0x00, 0x00,
    0xD0, 0xFF, 0x6F, 0x00, 0x00, 0x00, 0x00, 0x00, 0x00, 0x00, 0xF8, 0xFF, 0x0C, 0x00, 0x00, 0x00,
    0x00, 0x00, 0x00, 0x20, 0xFF, 0xFF, 0x02, 0x00, 0x00, 0x00, 0x00, 0x00, 0x00, 0xC0, 0xFF, 0x8F,
    0x00, 0x00, 0x00, 0x00, 0x00, 0x00, 0x00, 0xF6, 0xFF, 0x2E, 0x22, 0x22, 0x22, 0x22, 0x22, 0x22,
    0x01, 0xFB, 0xFF, 0xFF, 0xFF, 0xFF, 0xFF, 0xFF, 0xFF, 0xFF, 0x0C, 0xFC, 0xFF, 0xFF, 0xFF, 0xFF,
    0xFF, 0xFF, 0xFF, 0xFF, 0x0A, 0xFC, 0xFF, 0xFF, 0xFF, 0xFF, 0xFF, 0xFF, 0xFF, 0xFF, 0x07, 0xF4,
    0xFF, 0xFF, 0xFF, 0x5F, 0xF4, 0xFF, 0xFF, 0xFF, 0x5F, 0xF4, 0xFF, 0xFF, 0xFF, 0x5F, 0xF4, 0xFF,
    0x26, 0x22, 0x02, 0xF4, 0xFF, 0x05, 0x00, 0x00, 0xF4, 0xFF, 0x05, 0x00, 0x00, 0xF4, 0xFF, 0x05,
    0x00, 0x00, 0xF4, 0xFF, 0x05, 0x00, 0x00, 0xF4, 0xFF, 0x05, 0x00, 0x00, 0xF4, 0xFF, 0x05, 0x00,
    0x00, 0xF4, 0xFF, 0x05, 0x00, 0x00, 0xF4, 0xFF, 0x05, 0x00, 0x00, 0xF4, 0xFF, 0x05, 0x00, 0x00,
    0xF4, 0xFF, 0x05, 0x00, 0x00, 0xF4, 0xFF, 0x05, 0x00, 0x00, 0xF4, 0xFF, 0x05, 0x00, 0x00, 0xF4,
    0xFF, 0x05, 0x00, 0x00, 0xF4, 0xFF, 0x05, 0x00, 0x00, 0xF4, 0xFF, 0x05, 0x00, 0x00, 0xF4, 0xFF,
    0x05, 0x00, 0x00, 0xF4, 0xFF, 0x05, 0x00, 0x00, 0xF4, 0xFF, 0x05, 0x00, 0x00, 0xF4, 0xFF, 0x05,
    0x00, 0x00, 0xF4, 0xFF, 0x05, 0x00, 0x00, 0xF4, 0xFF, 0x05, 0x00, 0x00, 0xF4, 0xFF, 0x05, 0x00,
    0x00, 0xF4, 0xFF, 0x05, 0x00, 0x00, 0xF4, 0xFF, 0x05, 0x00, 0x00, 0xF4, 0xFF, 0x05, 0x00, 0x00,
    0xF4, 0xFF, 0x05, 0x00, 0x00, 0xF4, 0xFF, 0x05, 0x00, 0x00, 0xF4, 0xFF, 0x05, 0x00, 0x00, 0xF4,
    0xFF, 0x05, 0x00, 0x00, 0xF4, 0xFF, 0x05, 0x00, 0x00, 0xF4, 0xFF, 0x05, 0x00, 0x00, 0xF4, 0xFF,
    0x05, 0x00, 0x00, 0xF4, 0xFF, 0x26, 0x22, 0x02, 0xF4, 0xFF, 0xFF, 0xFF, 0x5F, 0xF4, 0xFF, 0xFF,
    0xFF, 0x5F, 0xF4, 0xFF, 0xFF, 0xFF, 0x5F, 0x20, 0x65, 0x00, 0x00, 0x00, 0x00, 0x00, 0xF7, 0xEF,
    0x00, 0x00, 0x00, 0x00, 0x00, 0xF4, 0xFF, 0x02, 0x00, 0x00, 0x00, 0x00, 0xF0, 0xFF, 0x06, 0x00,
    0x00, 0x00, 0x00, 0xC0, 0xFF, 0x0B, 0x00, 0x00, 0x00, 0x00, 0x70, 0xFF, 0x0F, 0x00, 0x00, 0x00,
    0x00, 0x30, 0xFF, 0x3F, 0x00, 0x00, 0x00, 0x00, 0x00, 0xFF, 0x7F, 0x00, 0x00, 0x00, 0x00, 0x00,
    0xFB, 0xBF, 0x00, 0x00, 0x00, 0x00, 0x00, 0xF7, 0xFF, 0x00, 0x00, 0x00, 0x00, 0x00, 0xF3, 0xFF,
    0x04, 0x00, 0x00, 0x00, 0x00, 0xE0, 0xFF, 0x08, 0x00, 0x00, 0x00, 0x00, 0xA0, 0xFF, 0x0C, 0x00,
    0x00, 0x00, 0x00, 0x60, 0xFF, 0x0F, 0x00, 0x00, 0x00, 0x00, 0x20, 0xFF, 0x4F, 0x00, 0x00, 0x00,
    0x00, 0x00, 0xFE, 0x8F, 0x00, 0x00, 0x00, 0x00, 0x00, 0xFA, 0xDF, 0x00, 0x00, 0x00, 0x00, 0x00,
    0xF6, 0xFF, 0x01, 0x00, 0x00, 0x00, 0x00, 0xF2, 0xFF, 0x05, 0x00, 0x00, 0x00, 0x00, 0xD0, 0xFF,
    0x09, 0x00, 0x00, 0x00, 0x00, 0x90, 0xFF, 0x0D, 0x00, 0x00, 0x00, 0x00, 0x50, 0xFF, 0x1F, 0x00,
    0x00, 0x00, 0x00, 0x10, 0xFF, 0x6F, 0x00, 0x00, 0x00, 0x00, 0x00, 0xFD, 0xAF, 0x00, 0x00, 0x00,
    0x00, 0x00, 0xF9, 0xEF, 0x00, 0x00, 0x00, 0x00, 0x00, 0xF5, 0xFF, 0x02, 0x00, 0x00, 0x00, 0x00,
    0xF1, 0xFF, 0x06, 0x00, 0x00, 0x00, 0x00, 0xC0, 0xFF, 0x0A, 0x00, 0x00, 0x00, 0x00, 0x80, 0xFF,
    0x0E, 0x00, 0x00, 0x00, 0x00, 0x40, 0xFF, 0x3F, 0x00, 0x00, 0x00, 0x00, 0x00, 0xFF, 0x7F, 0x00,
    0x00, 0x00, 0x00, 0x00, 0xFC, 0xBF, 0x00, 0x00, 0x00, 0x00, 0x00, 0xF8, 0xFF, 0x00, 0x00, 0x00,
    0x00, 0x00, 0xF4, 0xFF, 0x03, 0x00, 0x00, 0x00, 0x00, 0xF0, 0xFF, 0x08, 0x00, 0x00, 0x00, 0x00,
    0xB0, 0xFF, 0x0C, 0x00, 0x00, 0x00, 0x00, 0x70, 0xFF, 0x0F, 0x00, 0x00, 0x00, 0x00, 0x30, 0xFF,
    0x2B, 0x00, 0x00, 0x00, 0x00, 0x00, 0x03, 0x00, 0xFE, 0xFF, 0xFF, 0xFF, 0x0B, 0xFE, 0xFF, 0xFF,
    0xFF, 0x0B, 0xFE, 0xFF, 0xFF, 0xFF, 0x0B, 0x22, 0x22, 0xE2, 0xFF, 0x0B, 0x00, 0x00, 0xE0, 0xFF,
    0x0B, 0x00, 0x00, 0xE0, 0xFF, 0x0B, 0x00, 0x00, 0xE0, 0xFF, 0x0B, 0x00, 0x00, 0xE0, 0xFF, 0x0B,
    0x00, 0x00, 0xE0, 0xFF, 0x0B, 0x00, 0x00, 0xE0, 0xFF, 0x0B, 0x00, 0x00, 0xE0, 0xFF, 0x0B, 0x00,
    0x00, 0xE0, 0xFF, 0x0B, 0x00, 0x00, 0xE0, 0xFF, 0x0B, 0x00, 0x00, 0xE0, 0xFF, 0x0B, 0x00, 0x00,
    0xE0, 0xFF, 0x0B, 0x00, 0x00, 0xE0, 0xFF, 0x0B, 0x00, 0x00, 0xE0, 0xFF, 0x0B, 0x00, 0x00, 0xE0,
    0xFF, 0x0B, 0x00, 0x00, 0xE0, 0xFF, 0x0B, 0x00, 0x00, 0xE0, 0xFF, 0x0B, 0x00, 0x00, 0xE0, 0xFF,
    0x0B, 0x00, 0x00, 0xE0, 0xFF, 0x0B, 0x00, 0x00, 0xE0, 0xFF, 0x0B, 0x00, 0x00, 0xE0, 0xFF, 0x0B,
    0x00, 0x00, 0xE0, 0xFF, 0x0B, 0x00, 0x00, 0xE0, 0xFF, 0x0B, 0x00, 0x00, 0xE0, 0xFF, 0x0B, 0x00,
    0x00, 0xE0, 0xFF, 0x0B, 0x00, 0x00, 0xE0, 0xFF, 0x0B, 0x00, 0x00, 0xE0, 0xFF, 0x0B, 0x00, 0x00,
    0xE0, 0xFF, 0x0B, 0x00, 0x00, 0xE0, 0xFF, 0x0B, 0x00, 0x00, 0xE0, 0xFF, 0x0B, 0x00, 0x00, 0xE0,
    0xFF, 0x0B, 0x00, 0x00, 0xE0, 0xFF, 0x0B, 0x00, 0x00, 0xE0, 0xFF, 0x0B, 0x22, 0x22, 0xE2, 0xFF,
    0x0B, 0xFE, 0xFF, 0xFF, 0xFF, 0x0B, 0xFE, 0xFF, 0xFF, 0xFF, 0x0B, 0xFE, 0xFF, 0xFF, 0xFF, 0x0B,
    0x00, 0x00, 0x00, 0x00, 0x84, 0x78, 0x00, 0x00, 0x00, 0x00, 0x00, 0x00, 0x00, 0x10, 0xFF, 0xFF,
    0x08, 0x00, 0x00, 0x00, 0x00, 0x00, 0x00, 0x90, 0xFF, 0xFF, 0x2F, 0x00, 0x00, 0x00, 0x00, 0x00,
    0x00, 0xF3, 0xFF, 0xFF, 0xBF, 0x00, 0x00, 0x00, 0x00, 0x00, 0x00, 0xFC, 0xEF, 0xF9, 0xFF, 0x04,
    0x00, 0x00, 0x00, 0x00, 0x50, 0xFF, 0x6F, 0xE1, 0xFF, 0x0D, 0x00, 0x00, 0x00, 0x00, 0xE0, 0xFF,
    0x0D, 0x70, 0xFF, 0x7F, 0x00, 0x00, 0x00, 0x00, 0xF8, 0xFF, 0x04, 0x00, 0xFD, 0xFF, 0x01, 0x00,
    0x00, 0x20, 0xFF, 0xCF, 0x00, 0x00, 0xF5, 0xFF, 0x0A, 0x00, 0x00, 0xB0, 0xFF, 0x3F, 0x00, 0x00,
    0xC0, 0xFF, 0x3F, 0x00, 0x00, 0xF4, 0xFF, 0x0A, 0x00, 0x00, 0x30, 0xFF, 0xCF, 0x00, 0x00, 0xFD,
    0xFF, 0x01, 0x00, 0x00, 0x00, 0xFA, 0xFF, 0x06, 0x70, 0xFF, 0x8F, 0x00, 0x00, 0x00, 0x00, 0xF1,
    0xFF, 0x0E, 0xF1, 0xFF, 0x0E, 0x00, 0x00, 0x00, 0x00, 0x80, 0xFF, 0x8F, 0x20, 0x22, 0x22, 0x22,
    0x22, 0x22, 0x22, 0x22, 0x22, 0x22, 0x02, 0xF4, 0xFF, 0xFF, 0xFF, 0xFF, 0xFF, 0xFF, 0xFF, 0xFF,
    0xFF, 0x0F, 0xF4, 0xFF, 0xFF, 0xFF, 0xFF, 0xFF, 0xFF, 0xFF, 0xFF, 0xFF, 0x0F, 0xF4, 0xFF, 0xFF,
    0xFF, 0xFF, 0xFF, 0xFF, 0xFF, 0xFF, 0xFF, 0x0F, 0x00, 0x01, 0x00, 0x00, 0x00, 0x00, 0x80, 0x7F,
    0x00, 0x00, 0x00, 0x00, 0xF1, 0xFF, 0x5E, 0x00, 0x00, 0x00, 0xF8, 0xFF, 0xFF, 0x3C, 0x00, 0x00,
    0x50, 0xFB, 0xFF, 0xFF, 0x1A, 0x00, 0x00, 0x20, 0xE8, 0xFF, 0xFF, 0x01, 0x00, 0x00, 0x00, 0xC5,
    0x9F, 0x00, 0x00, 0x00, 0x00, 0x00, 0x12, 0x00, 0x00, 0x00, 0x00, 0x42, 0x76, 0x67, 0x03, 0x00,
    0x00, 0x00, 0x00, 0x50, 0xEA, 0xFF, 0xFF, 0xFF, 0xFF, 0x08, 0x00, 0x00, 0x00, 0xF5, 0xFF, 0xFF,
    0xFF, 0xFF, 0xFF, 0xDF, 0x01, 0x00, 0x00, 0xF0, 0xFF, 0xCF, 0xAA, 0xEB, 0xFF, 0xFF, 0x0A, 0x00,
    0x00, 0x70, 0x26, 0x00, 0x00, 0x00, 0xF6, 0xFF, 0x2F, 0x00, 0x00, 0x00, 0x00, 0x00, 0x00, 0x00,
    0x70, 0xFF, 0x7F, 0x00, 0x00, 0x00, 0x00, 0x00, 0x00, 0x00, 0x20, 0xFF, 0xAF, 0x00, 0x00, 0x00,
    0x00, 0x00, 0x00, 0x00, 0x10, 0xFF, 0xBF, 0x00, 0x00, 0x00, 0x00, 0x00, 0x00, 0x00, 0x10, 0xFF,
    0xCF, 0x00, 0x00, 0x00, 0x20, 0xB7, 0xFD, 0xFF, 0xFF, 0xFF, 0xCF, 0x00, 0x00, 0x20, 0xFB, 0xFF,
    0xFF, 0xFF, 0xFF, 0xFF, 0xCF, 0x00, 0x00, 0xE3, 0xFF, 0xFF, 0xFF, 0xFF, 0xFF, 0xFF, 0xCF, 0x00,
    0x10, 0xFE, 0xFF, 0xBF, 0x36, 0x22, 0x32, 0xFF, 0xCF, 0x00, 0x80, 0xFF, 0xFF, 0x04, 0x00, 0x00,
    0x10, 0xFF, 0xCF, 0x00, 0xD0, 0xFF, 0x6F, 0x00, 0x00, 0x00, 0x10, 0xFF, 0xCF, 0x00, 0xF0, 0xFF,
    0x1F, 0x00, 0x00, 0x00, 0x10, 0xFF, 0xCF, 0x00, 0xF1, 0xFF, 0x0F, 0x00, 0x00, 0x00, 0x10, 0xFF,
    0xCF, 0x00, 0xF0, 0xFF, 0x1F, 0x00, 0x00, 0x00, 0x60, 0xFF, 0xCF, 0x00, 0xE0, 0xFF, 0x6F, 0x00,
    0x00, 0x00, 0xF3, 0xFF, 0xDF, 0x00, 0x90, 0xFF, 0xEF, 0x03, 0x00, 0x60, 0xFF, 0xFF, 0xFF, 0x03,
    0x10, 0xFF, 0xFF, 0xDF, 0xBA, 0xFE, 0xEF, 0xF7, 0xFF, 0x4E, 0x00, 0xF5, 0xFF, 0xFF, 0xFF, 0xFF,
    0x3E, 0xD0, 0xFF, 0x5F, 0x00, 0x30, 0xFC, 0xFF, 0xFF, 0xAF, 0x01, 0x20, 0xFC, 0x0F, 0x00, 0x00,
    0x20, 0x76, 0x56, 0x01, 0x00, 0x00, 0x30, 0x05, 0x10, 0x53, 0x05, 0x00, 0x00, 0x00, 0x00, 0x00,
    0x00, 0x00, 0xF0, 0xFF, 0x0C, 0x00, 0x00, 0x00, 0x00, 0x00, 0x00, 0x00, 0xF0, 0xFF, 0x0C, 0x00,
    0x00, 0x00, 0x00, 0x00, 0x00, 0x00, 0xF0, 0xFF, 0x0C, 0x00, 0x00, 0x00, 0x00, 0x00, 0x00, 0x00,
    0xF0, 0xFF, 0x0C, 0x00, 0x00, 0x00, 0x00, 0x00, 0x00, 0x00, 0xF0, 0xFF, 0x0C, 0x00, 0x00, 0x00,
    0x00, 0x00, 0x00, 0x00, 0xF0, 0xFF, 0x0C, 0x00, 0x00, 0x00, 0x00, 0x00, 0x00, 0x00, 0xF0, 0xFF,
    0x0C, 0x00, 0x00, 0x00, 0x00, 0x00, 0x00, 0x00, 0xF0, 0xFF, 0x0C, 0x00, 0x00, 0x00, 0x00, 0x00,
    0x00, 0x00, 0xF0, 0xFF, 0x0C, 0x00, 0x40, 0x76, 0x15, 0x00, 0x00, 0x00, 0xF0, 0xFF, 0x0C, 0x80,
    0xFF, 0xFF, 0xFF, 0x1A, 0x00, 0x00, 0xF0, 0xFF, 0x0C, 0xFC, 0xFF, 0xFF, 0xFF, 0xEF, 0x01, 0x00,
    0xF0, 0xFF, 0xBC, 0xFF, 0xBE, 0xEB, 0xFF, 0xFF, 0x0D, 0x00, 0xF0, 0xFF, 0xFF, 0x6F, 0x00, 0x00,
    0xF6, 0xFF, 0x8F, 0x00, 0xF0, 0xFF, 0xEF, 0x03, 0x00, 0x00, 0x60, 0xFF, 0xFF, 0x00, 0xF0, 0xFF,
    0x5F, 0x00, 0x00, 0x00, 0x00, 0xFD, 0xFF, 0x06, 0xF0, 0xFF, 0x0D, 0x00, 0x00, 0x00, 0x00, 0xF7,
    0xFF, 0x0A, 0xF0, 0xFF, 0x0C, 0x00, 0x00, 0x00, 0x00, 0xF3, 0xFF, 0x0D, 0xF0, 0xFF, 0x0C, 0x00,
    0x00, 0x00, 0x00, 0xF1, 0xFF, 0x0F, 0xF0, 0xFF, 0x0C, 0x00, 0x00, 0x00, 0x00, 0xF0, 0xFF, 0x1F,
    0xF0, 0xFF, 0x0C, 0x00, 0x00, 0x00, 0x00, 0xF0, 0xFF, 0x2F, 0xF0, 0xFF, 0x0C, 0x00, 0x00, 0x00,
    0x00, 0xF0, 0xFF, 0x2F, 0xF0, 0xFF, 0x0C, 0x00, 0x00, 0x00, 0x00, 0xF0, 0xFF, 0x1F, 0xF0, 0xFF,
    0x0C, 0x00, 0x00, 0x00, 0x00, 0xF2, 0xFF, 0x0F, 0xF0, 0xFF, 0x0C, 0x00, 0x00, 0x00, 0x00, 0xF4,
    0xFF, 0x0D, 0xF0, 0xFF, 0x0C, 0x00, 0x00, 0x00, 0x00, 0xF8, 0xFF, 0x09, 0xF0, 0xFF, 0x0E, 0x00,
    0x00, 0x00, 0x00, 0xFE, 0xFF, 0x04, 0xF0, 0xFF, 0xAF, 0x00, 0x00, 0x00, 0x90, 0xFF, 0xEF, 0x00,
    0xF0, 0xFF, 0xFF, 0x2B, 0x00, 0x00, 0xF9, 0xFF, 0x6F, 0x00, 0xF0, 0xFF, 0xFE, 0xFF, 0xAC, 0xFB,
    0xFF, 0xFF, 0x0B, 0x00, 0xF0, 0xFF, 0x58, 0xFF, 0xFF, 0xFF, 0xFF, 0xBF, 0x00, 0x00, 0xF0, 0xFF,
    0x06, 0xC3, 0xFF, 0xFF, 0xEF, 0x07, 0x00, 0x00, 0x00, 0x00, 0x00, 0x00, 0x62, 0x67, 0x04, 0x00,
    0x00, 0x00, 0x00, 0x00, 0x00, 0x30, 0x76, 0x67, 0x03, 0x00, 0x00, 0x00, 0x00, 0x60, 0xFD, 0xFF,
    0xFF, 0xEF, 0x07, 0x00, 0x00, 0x10, 0xFB, 0xFF, 0xFF, 0xFF, 0xFF, 0xEF, 0x03, 0x00, 0xC0, 0xFF,
    0xFF, 0xBE, 0xCA, 0xFF, 0xFF, 0x03, 0x00, 0xF9, 0xFF, 0x5F, 0x00, 0x00, 0x81, 0x7F, 0x00, 0x20,
    0xFF, 0xFF, 0x03, 0x00, 0x00, 0x00, 0x01, 0x00, 0xA0, 0xFF, 0x9F, 0x00, 0x00, 0x00, 0x00, 0x00,
    0x00, 0xF0, 0xFF, 0x2F, 0x00, 0x00, 0x00, 0x00, 0x00, 0x00, 0xF3, 0xFF, 0x0D, 0x00, 0x00, 0x00,
    0x00, 0x00, 0x00, 0xF6, 0xFF, 0x0B, 0x00, 0x00, 0x00, 0x00, 0x00, 0x00, 0xF8, 0xFF, 0x09, 0x00,
    0x00, 0x00, 0x00, 0x00, 0x00, 0xF9, 0xFF, 0x08, 0x00, 0x00, 0x00, 0x00, 0x00, 0x00, 0xF9, 0xFF,
    0x08, 0x00, 0x00, 0x00, 0x00, 0x00, 0x00, 0xF8, 0xFF, 0x08, 0x00, 0x00, 0x00, 0x00, 0x00, 0x00,
    0xF7, 0xFF, 0x0A, 0x00, 0x00, 0x00, 0x00, 0x00, 0x00, 0xF4, 0xFF, 0x0D, 0x00, 0x00, 0x00, 0x00,
    0x00, 0x00, 0xF1, 0xFF, 0x1F, 0x00, 0x00, 0x00, 0x00, 0x00, 0x00, 0xB0, 0xFF, 0x7F, 0x00, 0x00,
    0x00, 0x00, 0x00, 0x00, 0x50, 0xFF, 0xFF, 0x02, 0x00, 0x00, 0x00, 0x01, 0x00, 0x00, 0xFB, 0xFF,
    0x4E, 0x00, 0x00, 0x71, 0x7F, 0x00, 0x00, 0xE1, 0xFF, 0xFF, 0xBE, 0xCA, 0xFF, 0xFF, 0x03, 0x00,
    0x20, 0xFD, 0xFF, 0xFF, 0xFF, 0xFF, 0xEF, 0x04, 0x00, 0x00, 0x70, 0xFE, 0xFF, 0xFF, 0xEF, 0x17,
    0x00, 0x00, 0x00, 0x00, 0x30, 0x75, 0x67, 0x02, 0x00, 0x00, 0x00, 0x00, 0x00, 0x00, 0x00, 0x00,
    0x00, 0x60, 0x35, 0x01, 0x00, 0x00, 0x00, 0x00, 0x00, 0x00, 0x00, 0xE0, 0xFF, 0x0F, 0x00, 0x00,
    0x00, 0x00, 0x00, 0x00, 0x00, 0xE0, 0xFF, 0x0F, 0x00, 0x00, 0x00, 0x00, 0x00, 0x00, 0x00, 0xE0,
    0xFF, 0x0F, 0x00, 0x00, 0x00, 0x00, 0x00, 0x00, 0x00, 0xE0, 0xFF, 0x0F, 0x00, 0x00, 0x00, 0x00,
    0x00, 0x00, 0x00, 0xE0, 0xFF, 0x0F, 0x00, 0x00, 0x00, 0x00, 0x00, 0x00, 0x00, 0xE0, 0xFF, 0x0F,
    0x00, 0x00, 0x00, 0x00, 0x00, 0x00, 0x00, 0xE0, 0xFF, 0x0F, 0x00, 0x00, 0x00, 0x00, 0x00, 0x00,
    0x00, 0xE0, 0xFF, 0x0F, 0x00, 0x00, 0x00, 0x40, 0x77, 0x15, 0x00, 0xE0, 0xFF, 0x0F, 0x00, 0x00,
    0x80, 0xFF, 0xFF, 0xFF, 0x2B, 0xE0, 0xFF, 0x0F, 0x00, 0x10, 0xFD, 0xFF, 0xFF, 0xFF, 0xFF, 0xE4,
    0xFF, 0x0F, 0x00, 0xD0, 0xFF, 0xFF, 0xBE, 0xDB, 0xFF, 0xFF, 0xFF, 0x0F, 0x00, 0xF9, 0xFF, 0x6F,
    0x00, 0x00, 0xE4, 0xFF, 0xFF, 0x0F, 0x10, 0xFF, 0xFF, 0x05, 0x00, 0x00, 0x10, 0xFD, 0xFF, 0x0F,
    0x80, 0xFF, 0xBF, 0x00, 0x00, 0x00, 0x00, 0xF2, 0xFF, 0x0F, 0xD0, 0xFF, 0x4F, 0x00, 0x00, 0x00,
    0x00, 0xE0, 0xFF, 0x0F, 0xF1, 0xFF, 0x0F, 0x00, 0x00, 0x00, 0x00, 0xE0, 0xFF, 0x0F, 0xF3, 0xFF,
    0x0D, 0x00, 0x00, 0x00, 0x00, 0xE0, 0xFF, 0x0F, 0xF5, 0xFF, 0x0C, 0x00, 0x00, 0x00, 0x00, 0xE0,
    0xFF, 0x0F, 0xF6, 0xFF, 0x0B, 0x00, 0x00, 0x00, 0x00, 0xE0, 0xFF, 0x0F, 0xF6, 0xFF, 0x0B, 0x00,
    0x00, 0x00, 0x00, 0xE0, 0xFF, 0x0F, 0xF5, 0xFF, 0x0C, 0x00, 0x00, 0x00, 0x00, 0xE0, 0xFF, 0x0F,
    0xF4, 0xFF, 0x0D, 0x00, 0x00, 0x00, 0x00, 0xE0, 0xFF, 0x0F, 0xF1, 0xFF, 0x0F, 0x00, 0x00, 0x00,
    0x00, 0xE0, 0xFF, 0x0F, 0xE0, 0xFF, 0x4F, 0x00, 0x00, 0x00, 0x00, 0xE0, 0xFF, 0x0F, 0xA0, 0xFF,
    0x9F, 0x00, 0x00, 0x00, 0x00, 0xF3, 0xFF, 0x0F, 0x40, 0xFF, 0xFF, 0x03, 0x00, 0x00, 0x20, 0xFE,
    0xFF, 0x0F, 0x00, 0xFC, 0xFF, 0x3E, 0x00, 0x00, 0xE5, 0xFF, 0xFF, 0x0F, 0x00, 0xF2, 0xFF, 0xFF,
    0xAD, 0xEB, 0xFF, 0xBB, 0xFF, 0x0F, 0x00, 0x40, 0xFF, 0xFF, 0xFF, 0xFF, 0xCF, 0x90, 0xFF, 0x0F,
    0x00, 0x00, 0xB2, 0xFF, 0xFF, 0xEF, 0x08, 0x70, 0xFF, 0x0F, 0x00, 0x00, 0x00, 0x52, 0x67, 0x04,
    0x00, 0x00, 0x00, 0x00, 0x00, 0x00, 0x00, 0x40, 0x76, 0x46, 0x00, 0x00, 0x00, 0x00, 0x00, 0x00,
    0x80, 0xFE, 0xFF, 0xFF, 0xBF, 0x02, 0x00, 0x00, 0x00, 0x10, 0xFD, 0xFF, 0xFF, 0xFF, 0xFF, 0x5F,
    0x00, 0x00, 0x00, 0xD1, 0xFF, 0xFF, 0xAC, 0xEB, 0xFF, 0xFF, 0x04, 0x00, 0x00, 0xFA, 0xFF, 0x1B,
    0x00, 0x00, 0xF6, 0xFF, 0x1E, 0x00, 0x30, 0xFF, 0xCF, 0x00, 0x00, 0x00, 0x50, 0xFF, 0x7F, 0x00,
    0xA0, 0xFF, 0x3F, 0x00, 0x00, 0x00, 0x00, 0xFD, 0xDF, 0x00, 0xF0, 0xFF, 0x0D, 0x00, 0x00, 0x00,
    0x00, 0xF8, 0xFF, 0x01, 0xF3, 0xFF, 0x0A, 0x00, 0x00, 0x00, 0x00, 0xF5, 0xFF, 0x05, 0xF6, 0xFF,
    0x08, 0x00, 0x00, 0x00, 0x00, 0xF4, 0xFF, 0x07, 0xF8, 0xFF, 0xFF, 0xFF, 0xFF, 0xFF, 0xFF, 0xFF,
    0xFF, 0x08, 0xF9, 0xFF, 0xFF, 0xFF, 0xFF, 0xFF, 0xFF, 0xFF, 0xFF, 0x08, 0xF9, 0xFF, 0xFF, 0xFF,
    0xFF, 0xFF, 0xFF, 0xFF, 0xFF, 0x07, 0xF8, 0xFF, 0x29, 0x22, 0x22, 0x22, 0x22, 0x22, 0x22, 0x01,
    0xF7, 0xFF, 0x09, 0x00, 0x00, 0x00, 0x00, 0x00, 0x00, 0x00, 0xF4, 0xFF, 0x0D, 0x00, 0x00, 0x00,
    0x00, 0x00, 0x00, 0x00, 0xF1, 0xFF, 0x1F, 0x00, 0x00, 0x00, 0x00, 0x00, 0x00, 0x00, 0xB0, 0xFF,
    0x8F, 0x00, 0x00, 0x00, 0x00, 0x00, 0x00, 0x00, 0x50, 0xFF, 0xFF, 0x04, 0x00, 0x00, 0x00, 0x40,
    0x02, 0x00, 0x00, 0xFB, 0xFF, 0x6F, 0x00, 0x00, 0x30, 0xFA, 0x0D, 0x00, 0x00, 0xE1, 0xFF, 0xFF,
    0xBE, 0xBA, 0xFE, 0xFF, 0x8F, 0x00, 0x00, 0x20, 0xFD, 0xFF, 0xFF, 0xFF, 0xFF, 0xFF, 0x09, 0x00,
    0x00, 0x00, 0x70, 0xFE, 0xFF, 0xFF, 0xFF, 0x2A, 0x00, 0x00, 0x00, 0x00, 0x00, 0x30, 0x75, 0x67,
    0x03, 0x00, 0x00, 0x00, 0x00, 0x00, 0x00, 0x20, 0xD9, 0xFF, 0xCE, 0x38, 0x00, 0x00, 0x00, 0x00,
    0xF6, 0xFF, 0xFF, 0xFF, 0xFF, 0x04, 0x00, 0x00, 0x50, 0xFF, 0xFF, 0xFF, 0xFF, 0xEF, 0x00, 0x00,
    0x00, 0xE0, 0xFF, 0xAF, 0x24, 0x74, 0x7C, 0x00, 0x00, 0x00, 0xF5, 0xFF, 0x0A, 0x00, 0x00, 0x00,
    0x00, 0x00, 0x00, 0xF9, 0xFF, 0x04, 0x00, 0x00, 0x00, 0x00, 0x00, 0x00, 0xFA, 0xFF, 0x03, 0x00,
    0x00, 0x00, 0x00, 0x00, 0x00, 0xFA, 0xFF, 0x02, 0x00, 0x00, 0x00, 0x00, 0x00, 0x00, 0xFA, 0xFF,
    0x02, 0x00, 0x00, 0x00, 0x00, 0x00, 0x00, 0xFA, 0xFF, 0x02, 0x00, 0x00, 0x00, 0x00, 0xF9, 0xFF,
    0xFF, 0xFF, 0xFF, 0xFF, 0x6F, 0x00, 0x00, 0xF9, 0xFF, 0xFF, 0xFF, 0xFF, 0xFF, 0x4F, 0x00, 0x00,
    0xF9, 0xFF, 0xFF, 0xFF, 0xFF, 0xFF, 0x2F, 0x00, 0x00, 0x21, 0x22, 0xFB, 0xFF, 0x24, 0x22, 0x02,
    0x00, 0x00, 0x00, 0x00, 0xFA, 0xFF, 0x02, 0x00, 0x00, 0x00, 0x00, 0x00, 0x00, 0xFA, 0xFF, 0x02,
    0x00, 0x00, 0x00, 0x00, 0x00, 0x00, 0xFA, 0xFF, 0x02, 0x00, 0x00, 0x00, 0x00, 0x00, 0x00, 0xFA,
    0xFF, 0x02, 0x00, 0x00, 0x00, 0x00, 0x00, 0x00, 0xFA, 0xFF, 0x02, 0x00, 0x00, 0x00, 0x00, 0x00,
    0x00, 0xFA, 0xFF, 0x02, 0x00, 0x00, 0x00, 0x00, 0x00, 0x00, 0xFA, 0xFF, 0x02, 0x00, 0x00, 0x00,
    0x00, 0x00, 0x00, 0xFA, 0xFF, 0x02, 0x00, 0x00, 0x00, 0x00, 0x00, 0x00, 0xFA, 0xFF, 0x02, 0x00,
    0x00, 0x00, 0x00, 0x00, 0x00, 0xFA, 0xFF, 0x02, 0x00, 0x00, 0x00, 0x00, 0x00, 0x00, 0xFA, 0xFF,
    0x02, 0x00, 0x00, 0x00, 0x00, 0x00, 0x00, 0xFA, 0xFF, 0x02, 0x00, 0x00, 0x00, 0x00, 0x00, 0x00,
    0xFA, 0xFF, 0x02, 0x00, 0x00, 0x00, 0x00, 0x00, 0x00, 0xFA, 0xFF, 0x02, 0x00, 0x00, 0x00, 0x00,
    0x00, 0x00, 0xFA, 0xFF, 0x02, 0x00, 0x00, 0x00, 0x00, 0x00, 0x00, 0xFA, 0xFF, 0x02, 0x00, 0x00,
    0x00, 0x00, 0x00, 0x00, 0xFA, 0xFF, 0x02, 0x00, 0x00, 0x00, 0x00, 0x00, 0x00, 0xFA, 0xFF, 0x02,
    0x00, 0x00, 0x00, 0x00, 0x00, 0x00, 0x00, 0x00, 0x00, 0x00, 0x00, 0x00, 0x00, 0x41, 0x00, 0x00,
    0x00, 0x00, 0x00, 0x00, 0x00, 0x00, 0x00, 0xA4, 0xDF, 0x00, 0x00, 0x00, 0x00, 0x40, 0x76, 0x88,
    0xB9, 0xFD, 0xFF, 0xFF, 0x02, 0x00, 0x00, 0x91, 0xFF, 0xFF, 0xFF, 0xFF, 0xFF, 0xFF, 0xFF, 0x07,
    0x00, 0x50, 0xFE, 0xFF, 0xFF, 0xFF, 0xFF, 0xFF, 0xDE, 0x9C, 0x03, 0x00, 0xF4, 0xFF, 0xFF, 0xAB,
    0xEB, 0xFF, 0x4D, 0x00, 0x00, 0x00, 0x00, 0xFE, 0xFF, 0x19, 0x00, 0x00, 0xF6, 0xFF, 0x06, 0x00,
    0x00, 0x70, 0xFF, 0xBF, 0x00, 0x00, 0x00, 0x70, 0xFF, 0x4F, 0x00, 0x00, 0xC0, 0xFF, 0x3F, 0x00,
    0x00, 0x00, 0x00, 0xFF, 0xBF, 0x00, 0x00, 0xE0, 0xFF, 0x0F, 0x00, 0x00, 0x00, 0x00, 0xFD, 0xFF,
    0x00, 0x00, 0xE0, 0xFF, 0x0F, 0x00, 0x00, 0x00, 0x00, 0xFD, 0xFF, 0x01, 0x00, 0xD0, 0xFF, 0x1F,
    0x00, 0x00, 0x00, 0x00, 0xFE, 0xFF, 0x00, 0x00, 0x90, 0xFF, 0x6F, 0x00, 0x00, 0x00, 0x30, 0xFF,
    0xEF, 0x00, 0x00, 0x30, 0xFF, 0xEF, 0x01, 0x00, 0x00, 0xC0, 0xFF, 0x9F, 0x00, 0x00, 0x00, 0xF9,
    0xFF, 0x6E, 0x01, 0x51, 0xFC, 0xFF, 0x1F, 0x00, 0x00, 0x00, 0x90, 0xFF, 0xFF, 0xFF, 0xFF, 0xFF,
    0xFF, 0x05, 0x00, 0x00, 0x00, 0x00, 0xF9, 0xFF, 0xFF, 0xFF, 0xFF, 0x5E, 0x00, 0x00, 0x00, 0x00,
    0x80, 0xFF, 0xCE, 0xFF, 0xFF, 0x7C, 0x01, 0x00, 0x00, 0x00, 0x00, 0xF3, 0xFF, 0x03, 0x10, 0x01,
    0x00, 0x00, 0x00, 0x00, 0x00, 0x00, 0xF9, 0xEF, 0x00, 0x00, 0x00, 0x00, 0x00, 0x00, 0x00, 0x00,
    0x00, 0xFA, 0xFF, 0x28, 0x00, 0x00, 0x00, 0x00, 0x00, 0x00, 0x00, 0x00, 0xF6, 0xFF, 0xFF, 0xFF,
    0xFF, 0xEF, 0x6B, 0x00, 0x00, 0x00, 0x00, 0xB0, 0xFF, 0xFF, 0xFF, 0xFF, 0xFF, 0xFF, 0x5E, 0x00,
    0x00, 0x00, 0x00, 0xD6, 0xFF, 0xFF, 0xFF, 0xFF, 0xFF, 0xFF, 0x05, 0x00, 0x00, 0x00, 0x00, 0x10,
    0x22, 0x22, 0x74, 0xFD, 0xFF, 0x1F, 0x00, 0x00, 0x00, 0x00, 0x00, 0x00, 0x00, 0x00, 0xB0, 0xFF,
    0x7F, 0x00, 0x00, 0x00, 0x00, 0x00, 0x00, 0x00, 0x00, 0x40, 0xFF, 0xAF, 0x00, 0xED, 0x7E, 0x00,
    0x00, 0x00, 0x00, 0x00, 0x20, 0xFF, 0xBF, 0x00, 0xFD, 0xBF, 0x00, 0x00, 0x00, 0x00, 0x00, 0x50,
    0xFF, 0x9F, 0x00, 0xFA, 0xFF, 0x04, 0x00, 0x00, 0x00, 0x00, 0xE2, 0xFF, 0x4F, 0x00, 0xF4, 0xFF,
    0xAF, 0x36, 0x22, 0x32, 0xA6, 0xFF, 0xFF, 0x0C, 0x00, 0xA0, 0xFF, 0xFF, 0xFF, 0xFF, 0xFF, 0xFF,
    0xFF, 0xDF, 0x02, 0x00, 0x00, 0xF8, 0xFF, 0xFF, 0xFF, 0xFF, 0xFF, 0xFF, 0x19, 0x00, 0x00, 0x00,
    0x10, 0xA7, 0xED, 0xFF, 0xEF, 0x9C, 0x15, 0x00, 0x00, 0x00, 0x00, 0x42, 0x04, 0x00, 0x00, 0x00,
    0x00, 0x00, 0x00, 0xF0, 0xFF, 0x0C, 0x00, 0x00, 0x00, 0x00, 0x00, 0x00, 0xF0, 0xFF, 0x0C, 0x00,
    0x00, 0x00, 0x00, 0x00, 0x00, 0xF0, 0xFF, 0x0C, 0x00, 0x00, 0x00, 0x00, 0x00, 0x00, 0xF0, 0xFF,
    0x0C, 0x00, 0x00, 0x00, 0x00, 0x00, 0x00, 0xF0, 0xFF, 0x0C, 0x00, 0x00, 0x00, 0x00, 0x00, 0x00,
    0xF0, 0xFF, 0x0C, 0x00, 0x00, 0x00, 0x00, 0x00, 0x00, 0xF0, 0xFF, 0x0C, 0x00, 0x00, 0x00, 0x00,
    0x00, 0x00, 0xF0, 0xFF, 0x0C, 0x00, 0x00, 0x00, 0x00, 0x00, 0x00, 0xF0, 0xFF, 0x0C, 0x00, 0x30,
    0x76, 0x26, 0x00, 0x00, 0xF0, 0xFF, 0x0C, 0x60, 0xFE, 0xFF, 0xFF, 0x2C, 0x00, 0xF0, 0xFF, 0x0C,
    0xFA, 0xFF, 0xFF, 0xFF, 0xFF, 0x02, 0xF0, 0xFF, 0x9C, 0xFF, 0xBF, 0xDA, 0xFF, 0xFF, 0x0C, 0xF0,
    0xFF, 0xFF, 0x8F, 0x00, 0x00, 0xF4, 0xFF, 0x3F, 0xF0, 0xFF, 0xFF, 0x06, 0x00, 0x00, 0x80, 0xFF,
    0x8F, 0xF0, 0xFF, 0x8F, 0x00, 0x00, 0x00, 0x40, 0xFF, 0x9F, 0xF0, 0xFF, 0x0D, 0x00, 0x00, 0x00,
    0x30, 0xFF, 0xAF, 0xF0, 0xFF, 0x0C, 0x00, 0x00, 0x00, 0x20, 0xFF, 0xAF, 0xF0, 0xFF, 0x0C, 0x00,
    0x00, 0x00, 0x20, 0xFF, 0xAF, 0xF0, 0xFF, 0x0C, 0x00, 0x00, 0x00, 0x20, 0xFF, 0xAF, 0xF0, 0xFF,
    0x0C, 0x00, 0x00, 0x00, 0x20, 0xFF, 0xAF, 0xF0, 0xFF, 0x0C, 0x00, 0x00, 0x00, 0x20, 0xFF, 0xAF,
    0xF0, 0xFF, 0x0C, 0x00, 0x00, 0x00, 0x20, 0xFF, 0xAF, 0xF0, 0xFF, 0x0C, 0x00, 0x00, 0x00, 0x20,
    0xFF, 0xAF, 0xF0, 0xFF, 0x0C, 0x00, 0x00, 0x00, 0x20, 0xFF, 0xAF, 0xF0, 0xFF, 0x0C, 0x00, 0x00,
    0x00, 0x20, 0xFF, 0xAF, 0xF0, 0xFF, 0x0C, 0x00, 0x00, 0x00, 0x20, 0xFF, 0xAF, 0xF0, 0xFF, 0x0C,
    0x00, 0x00, 0x00, 0x20, 0xFF, 0xAF, 0xF0, 0xFF, 0x0C, 0x00, 0x00, 0x00, 0x20, 0xFF, 0xAF, 0xF0,
    0xFF, 0x0C, 0x00, 0x00, 0x00, 0x20, 0xFF, 0xAF, 0xF0, 0xFF, 0x0C, 0x00, 0x00, 0x00, 0x20, 0xFF,
    0xAF, 0xF0, 0xFF, 0x0C, 0x00, 0x00, 0x00, 0x20, 0xFF, 0xAF, 0xA0, 0xEE, 0x07, 0xF9, 0xFF, 0x4F,
    0xFC, 0xFF, 0x7F, 0xF9, 0xFF, 0x4F, 0xA0, 0xEF, 0x07, 0x00, 0x00, 0x00, 0x00, 0x00, 0x00, 0x00,
    0x00, 0x00, 0x00, 0x00, 0x00, 0x00, 0x00, 0x00, 0x00, 0x00, 0x00, 0xF0, 0xFF, 0x0C, 0xF0, 0xFF,
    0x0C, 0xF0, 0xFF, 0x0C, 0xF0, 0xFF, 0x0C, 0xF0, 0xFF, 0x0C, 0xF0, 0xFF, 0x0C, 0xF0, 0xFF, 0x0C,
    0xF0, 0xFF, 0x0C, 0xF0, 0xFF, 0x0C, 0xF0, 0xFF, 0x0C, 0xF0, 0xFF, 0x0C, 0xF0, 0xFF, 0x0C, 0xF0,
    0xFF, 0x0C, 0xF0, 0xFF, 0x0C, 0xF0, 0xFF, 0x0C, 0xF0, 0xFF, 0x0C, 0xF0, 0xFF, 0x0C, 0xF0, 0xFF,
    0x0C, 0xF0, 0xFF, 0x0C, 0xF0, 0xFF, 0x0C, 0xF0, 0xFF, 0x0C, 0xF0, 0xFF, 0x0C, 0x00, 0x00, 0xA1,
    0xEF, 0x06, 0x00, 0x00, 0xF9, 0xFF, 0x3F, 0x00, 0x00, 0xFD, 0xFF, 0x7F, 0x00, 0x00, 0xF9, 0xFF,
    0x3F, 0x00, 0x00, 0xA1, 0xEF, 0x06, 0x00, 0x00, 0x00, 0x00, 0x00, 0x00, 0x00, 0x00, 0x00, 0x00,
    0x00, 0x00, 0x00, 0x00, 0x00, 0x00, 0x00, 0x00, 0x00, 0x00, 0x00, 0x00, 0x00, 0x00, 0x00, 0x00,
    0x00, 0x00, 0x00, 0x00, 0x00, 0x00, 0xF2, 0xFF, 0x0B, 0x00, 0x00, 0xF2, 0xFF, 0x0B, 0x00, 0x00,
    0xF2, 0xFF, 0x0B, 0x00, 0x00, 0xF2, 0xFF, 0x0B, 0x00, 0x00, 0xF2, 0xFF, 0x0B, 0x00, 0x00, 0xF2,
    0xFF, 0x0B, 0x00, 0x00, 0xF2, 0xFF, 0x0B, 0x00, 0x00, 0xF2, 0xFF, 0x0B, 0x00, 0x00, 0xF2, 0xFF,
    0x0B, 0x00, 0x00, 0xF2, 0xFF, 0x0B, 0x00, 0x00, 0xF2, 0xFF, 0x0B, 0x00, 0x00, 0xF2, 0xFF, 0x0B,
    0x00, 0x00, 0xF2, 0xFF, 0x0B, 0x00, 0x00, 0xF2, 0xFF, 0x0B, 0x00, 0x00, 0xF2, 0xFF, 0x0B, 0x00,
    0x00, 0xF2, 0xFF, 0x0B, 0x00, 0x00, 0xF2, 0xFF, 0x0B, 0x00, 0x00, 0xF2, 0xFF, 0x0B, 0x00, 0x00,
    0xF2, 0xFF, 0x0B, 0x00, 0x00, 0xF2, 0xFF, 0x0B, 0x00, 0x00, 0xF2, 0xFF, 0x0B, 0x00, 0x00, 0xF2,
    0xFF, 0x0B, 0x00, 0x00, 0xF2, 0xFF, 0x0A, 0x00, 0x00, 0xF4, 0xFF, 0x08, 0x00, 0x00, 0xF7, 0xFF,
    0x06, 0x00, 0x00, 0xFC, 0xFF, 0x02, 0x00, 0x50, 0xFF, 0xBF, 0x00, 0x00, 0xF6, 0xFF, 0x3F, 0x00,
    0xC2, 0xFF, 0xFF, 0x06, 0x00, 0xF1, 0xFF, 0x5F, 0x00, 0x00, 0xA0, 0xAF, 0x01, 0x00, 0x00, 0x20,
    0x02, 0x00, 0x00, 0x00, 0x10, 0x53, 0x05, 0x00, 0x00, 0x00, 0x00, 0x00, 0x00, 0x00, 0xF0, 0xFF,
    0x0C, 0x00, 0x00, 0x00, 0x00, 0x00, 0x00, 0x00, 0xF0, 0xFF, 0x0C, 0x00, 0x00, 0x00, 0x00, 0x00,
    0x00, 0x00, 0xF0, 0xFF, 0x0C, 0x00, 0x00, 0x00, 0x00, 0x00, 0x00, 0x00, 0xF0, 0xFF, 0x0C, 0x00,
    0x00, 0x00, 0x00, 0x00, 0x00, 0x00, 0xF0, 0xFF, 0x0C, 0x00, 0x00, 0x00, 0x00, 0x00, 0x00, 0x00,
    0xF0, 0xFF, 0x0C, 0x00, 0x00, 0x00, 0x00, 0x00, 0x00, 0x00, 0xF0, 0xFF, 0x0C, 0x00, 0x00, 0x00,
    0x00, 0x00, 0x00, 0x00, 0xF0, 0xFF, 0x0C, 0x00, 0x00, 0x00, 0x00, 0x00, 0x00, 0x00, 0xF0, 0xFF,
    0x0C, 0x00, 0x00, 0x00, 0x00, 0x00, 0x00, 0x00, 0xF0, 0xFF, 0x0C, 0x00, 0x00, 0x00, 0xF4, 0xFF,
    0x1E, 0x00, 0xF0, 0xFF, 0x0C, 0x00, 0x00, 0x20, 0xFE, 0xFF, 0x03, 0x00, 0xF0, 0xFF, 0x0C, 0x00,
    0x00, 0xD0, 0xFF, 0x5F, 0x00, 0x00, 0xF0, 0xFF, 0x0C, 0x00, 0x00, 0xFA, 0xFF, 0x08, 0x00, 0x00,
    0xF0, 0xFF, 0x0C, 0x00, 0x70, 0xFF, 0xBF, 0x00, 0x00, 0x00, 0xF0, 0xFF, 0x0C, 0x00, 0xF4, 0xFF,
    0x0D, 0x00, 0x00, 0x00, 0xF0, 0xFF, 0x0C, 0x20, 0xFE, 0xEF, 0x02, 0x00, 0x00, 0x00, 0xF0, 0xFF,
    0x0C, 0xD0, 0xFF, 0x4F, 0x00, 0x00, 0x00, 0x00, 0xF0, 0xFF, 0x0C, 0xFA, 0xFF, 0x07, 0x00, 0x00,
    0x00, 0x00, 0xF0, 0xFF, 0x7C, 0xFF, 0xAF, 0x00, 0x00, 0x00, 0x00, 0x00, 0xF0, 0xFF, 0xAC, 0xFF,
    0xCF, 0x00, 0x00, 0x00, 0x00, 0x00, 0xF0, 0xFF, 0x1C, 0xFD, 0xFF, 0x08, 0x00, 0x00, 0x00, 0x00,
    0xF0, 0xFF, 0x0C, 0xF3, 0xFF, 0x4F, 0x00, 0x00, 0x00, 0x00, 0xF0, 0xFF, 0x0C, 0x70, 0xFF, 0xEF,
    0x01, 0x00, 0x00, 0x00, 0xF0, 0xFF, 0x0C, 0x00, 0xFB, 0xFF, 0x0C, 0x00, 0x00, 0x00, 0xF0, 0xFF,
    0x0C, 0x00, 0xE1, 0xFF, 0x8F, 0x00, 0x00, 0x00, 0xF0, 0xFF, 0x0C, 0x00, 0x40, 0xFF, 0xFF, 0x04,
    0x00, 0x00, 0xF0, 0xFF, 0x0C, 0x00, 0x00, 0xF8, 0xFF, 0x1E, 0x00, 0x00, 0xF0, 0xFF, 0x0C, 0x00,
    0x00, 0xC0, 0xFF, 0xBF, 0x00, 0x00, 0xF0, 0xFF, 0x0C, 0x00, 0x00, 0x20, 0xFF, 0xFF, 0x07, 0x00,
    0xF0, 0xFF, 0x0C, 0x00, 0x00, 0x00, 0xF5, 0xFF, 0x3F, 0x00, 0xF0, 0xFF, 0x0C, 0x00, 0x00, 0x00,
    0x90, 0xFF, 0xEF, 0x01, 0x81, 0xCA, 0x07, 0x00, 0x00, 0xF4, 0xFF, 0x09, 0x00, 0x00, 0xF4, 0xFF,
    0x09, 0x00, 0x00, 0xF4, 0xFF, 0x09, 0x00, 0x00, 0xF4, 0xFF, 0x09, 0x00, 0x00, 0xF4, 0xFF, 0x09,
    0x00, 0x00, 0xF4, 0xFF, 0x09, 0x00, 0x00, 0xF4, 0xFF, 0x09, 0x00, 0x00, 0xF4, 0xFF, 0x09, 0x00,
    0x00, 0xF4, 0xFF, 0x09, 0x00, 0x00, 0xF4, 0xFF, 0x09, 0x00, 0x00, 0xF4, 0xFF, 0x09, 0x00, 0x00,
    0xF4, 0xFF, 0x09, 0x00, 0x00, 0xF4, 0xFF, 0x09, 0x00, 0x00, 0xF4, 0xFF, 0x09, 0x00, 0x00, 0xF4,
    0xFF, 0x09, 0x00, 0x00, 0xF4, 0xFF, 0x09, 0x00, 0x00, 0xF4, 0xFF, 0x09, 0x00, 0x00, 0xF4, 0xFF,
    0x09, 0x00, 0x00, 0xF4, 0xFF, 0x09, 0x00, 0x00, 0xF4, 0xFF, 0x09, 0x00, 0x00, 0xF4, 0xFF, 0x09,
    0x00, 0x00, 0xF4, 0xFF, 0x09, 0x00, 0x00, 0xF4, 0xFF, 0x09, 0x00, 0x00, 0xF4, 0xFF, 0x09, 0x00,
    0x00, 0xF4, 0xFF, 0x09, 0x00, 0x00, 0xF4, 0xFF, 0x09, 0x00, 0x00, 0xF3, 0xFF, 0x09, 0x00, 0x00,
    0xF2, 0xFF, 0x0B, 0x00, 0x00, 0xF0, 0xFF, 0xBF, 0x7B, 0x00, 0x80, 0xFF, 0xFF, 0xEF, 0x00, 0x00,
    0xFA, 0xFF, 0xFF, 0x03, 0x00, 0x20, 0x76, 0x15, 0x00, 0x00, 0x00, 0x00, 0x00, 0x40, 0x77, 0x04,
    0x00, 0x00, 0x00, 0x51, 0x77, 0x05, 0x00, 0x00, 0xF0, 0xFF, 0x04, 0x80, 0xFF, 0xFF, 0xEF, 0x04,
    0x00, 0x80, 0xFF, 0xFF, 0xEF, 0x06, 0x00, 0xF0, 0xFF, 0x16, 0xFC, 0xFF, 0xFF, 0xFF, 0x4F, 0x00,
    0xFB, 0xFF, 0xFF, 0xFF, 0x7F, 0x00, 0xF0, 0xFF, 0xB7, 0xFF, 0xBE, 0xFB, 0xFF, 0xEF, 0xA0, 0xFF,
    0xBE, 0xEB, 0xFF, 0xFF, 0x02, 0xF0, 0xFF, 0xFE, 0x6F, 0x00, 0x10, 0xFD, 0xFF, 0xFB, 0x7F, 0x00,
    0x10, 0xFC, 0xFF, 0x08, 0xF0, 0xFF, 0xFF, 0x05, 0x00, 0x00, 0xF5, 0xFF, 0xFF, 0x06, 0x00, 0x00,
    0xF4, 0xFF, 0x0C, 0xF0, 0xFF, 0x8F, 0x00, 0x00, 0x00, 0xF1, 0xFF, 0x9F, 0x00, 0x00, 0x00, 0xF0,
    0xFF, 0x0E, 0xF0, 0xFF, 0x0E, 0x00, 0x00, 0x00, 0xF0, 0xFF, 0x0E, 0x00, 0x00, 0x00, 0xE0, 0xFF,
    0x0F, 0xF0, 0xFF, 0x0C, 0x00, 0x00, 0x00, 0xF0, 0xFF, 0x0E, 0x00, 0x00, 0x00, 0xE0, 0xFF, 0x0F,
    0xF0, 0xFF, 0x0C, 0x00, 0x00, 0x00, 0xF0, 0xFF, 0x0E, 0x00, 0x00, 0x00, 0xE0, 0xFF, 0x0F, 0xF0,
    0xFF, 0x0C, 0x00, 0x00, 0x00, 0xF0, 0xFF, 0x0E, 0x00, 0x00, 0x00, 0xE0, 0xFF, 0x0F, 0xF0, 0xFF,
    0x0C, 0x00, 0x00, 0x00, 0xF0, 0xFF, 0x0E, 0x00, 0x00, 0x00, 0xE0, 0xFF, 0x0F, 0xF0, 0xFF, 0x0C,
    0x00, 0x00, 0x00, 0xF0, 0xFF, 0x0E, 0x00, 0x00, 0x00, 0xE0, 0xFF, 0x0F, 0xF0, 0xFF, 0x0C, 0x00,
    0x00, 0x00, 0xF0, 0xFF, 0x0E, 0x00, 0x00, 0x00, 0xE0, 0xFF, 0x0F, 0xF0, 0xFF, 0x0C, 0x00, 0x00,
    0x00, 0xF0, 0xFF, 0x0E, 0x00, 0x00, 0x00, 0xE0, 0xFF, 0x0F, 0xF0, 0xFF, 0x0C, 0x00, 0x00, 0x00,
    0xF0, 0xFF, 0x0E, 0x00, 0x00, 0x00, 0xE0, 0xFF, 0x0F, 0xF0, 0xFF, 0x0C, 0x00, 0x00, 0x00, 0xF0,
    0xFF, 0x0E, 0x00, 0x00, 0x00, 0xE0, 0xFF, 0x0F, 0xF0, 0xFF, 0x0C, 0x00, 0x00, 0x00, 0xF0, 0xFF,
    0x0E, 0x00, 0x00, 0x00, 0xE0, 0xFF, 0x0F, 0xF0, 0xFF, 0x0C, 0x00, 0x00, 0x00, 0xF0, 0xFF, 0x0E,
    0x00, 0x00, 0x00, 0xE0, 0xFF, 0x0F, 0xF0, 0xFF, 0x0C, 0x00, 0x00, 0x00, 0xF0, 0xFF, 0x0E, 0x00,
    0x00, 0x00, 0xE0, 0xFF, 0x0F, 0xF0, 0xFF, 0x0C, 0x00, 0x00, 0x00, 0xF0, 0xFF, 0x0E, 0x00, 0x00,
    0x00, 0xE0, 0xFF, 0x0F, 0xF0, 0xFF, 0x0C, 0x00, 0x00, 0x00, 0xF0, 0xFF, 0x0E, 0x00, 0x00, 0x00,
    0xE0, 0xFF, 0x0F, 0xF0, 0xFF, 0x0C, 0x00, 0x00, 0x00, 0xF0, 0xFF, 0x0E, 0x00, 0x00, 0x00, 0xE0,
    0xFF, 0x0F, 0x00, 0x00, 0x00, 0x00, 0x40, 0x77, 0x26, 0x00, 0x00, 0xF0, 0xFF, 0x04, 0x60, 0xFE,
    0xFF, 0xFF, 0x2C, 0x00, 0xF0, 0xFF, 0x06, 0xFA, 0xFF, 0xFF, 0xFF, 0xFF, 0x02, 0xF0, 0xFF, 0xA7,
    0xFF, 0xBF, 0xDA, 0xFF, 0xFF, 0x0C, 0xF0, 0xFF, 0xFE, 0x8F, 0x00, 0x00, 0xF4, 0xFF, 0x3F, 0xF0,
    0xFF, 0xFF, 0x06, 0x00, 0x00, 0x80, 0xFF, 0x8F, 0xF0, 0xFF, 0x8F, 0x00, 0x00, 0x00, 0x40, 0xFF,
    0x9F, 0xF0, 0xFF, 0x0E, 0x00, 0x00, 0x00, 0x30, 0xFF, 0xAF, 0xF0, 0xFF, 0x0C, 0x00, 0x00, 0x00,
    0x20, 0xFF, 0xAF, 0xF0, 0xFF, 0x0C, 0x00, 0x00, 0x00, 0x20, 0xFF, 0xAF, 0xF0, 0xFF, 0x0C, 0x00,
    0x00, 0x00, 0x20, 0xFF, 0xAF, 0xF0, 0xFF, 0x0C, 0x00, 0x00, 0x00, 0x20, 0xFF, 0xAF, 0xF0, 0xFF,
    0x0C, 0x00, 0x00, 0x00, 0x20, 0xFF, 0xAF, 0xF0, 0xFF, 0x0C, 0x00, 0x00, 0x00, 0x20, 0xFF, 0xAF,
    0xF0, 0xFF, 0x0C, 0x00, 0x00, 0x00, 0x20, 0xFF, 0xAF, 0xF0, 0xFF, 0x0C, 0x00, 0x00, 0x00, 0x20,
    0xFF, 0xAF, 0xF0, 0xFF, 0x0C, 0x00, 0x00, 0x00, 0x20, 0xFF, 0xAF, 0xF0, 0xFF, 0x0C, 0x00, 0x00,
    0x00, 0x20, 0xFF, 0xAF, 0xF0, 0xFF, 0x0C, 0x00, 0x00, 0x00, 0x20, 0xFF, 0xAF, 0xF0, 0xFF, 0x0C,
    0x00, 0x00, 0x00, 0x20, 0xFF, 0xAF, 0xF0, 0xFF, 0x0C, 0x00, 0x00, 0x00, 0x20, 0xFF, 0xAF, 0xF0,
    0xFF, 0x0C, 0x00, 0x00, 0x00, 0x20, 0xFF, 0xAF, 0xF0, 0xFF, 0x0C, 0x00, 0x00, 0x00, 0x20, 0xFF,
    0xAF, 0x00, 0x00, 0x00, 0x20, 0x75, 0x67, 0x04, 0x00, 0x00, 0x00, 0x00, 0x00, 0x60, 0xFD, 0xFF,
    0xFF, 0xFF, 0x19, 0x00, 0x00, 0x00, 0x10, 0xFB, 0xFF, 0xFF, 0xFF, 0xFF, 0xFF, 0x04, 0x00, 0x00,
    0xC0, 0xFF, 0xFF, 0xBE, 0xCA, 0xFF, 0xFF, 0x4F, 0x00, 0x00, 0xFA, 0xFF, 0x5E, 0x00, 0x00, 0xB2,
    0xFF, 0xEF, 0x01, 0x30, 0xFF, 0xFF, 0x02, 0x00, 0x00, 0x00, 0xFC, 0xFF, 0x09, 0xA0, 0xFF, 0x8F,
    0x00, 0x00, 0x00, 0x00, 0xF2, 0xFF, 0x0F, 0xF0, 0xFF, 0x1F, 0x00, 0x00, 0x00, 0x00, 0xC0, 0xFF,
    0x6F, 0xF4, 0xFF, 0x0D, 0x00, 0x00, 0x00, 0x00, 0x80, 0xFF, 0x9F, 0xF7, 0xFF, 0x0A, 0x00, 0x00,
    0x00, 0x00, 0x50, 0xFF, 0xCF, 0xF8, 0xFF, 0x09, 0x00, 0x00, 0x00, 0x00, 0x30, 0xFF, 0xDF, 0xF9,
    0xFF, 0x08, 0x00, 0x00, 0x00, 0x00, 0x30, 0xFF, 0xEF, 0xF9, 0xFF, 0x08, 0x00, 0x00, 0x00, 0x00,
    0x30, 0xFF, 0xFF, 0xF8, 0xFF, 0x09, 0x00, 0x00, 0x00, 0x00, 0x30, 0xFF, 0xEF, 0xF7, 0xFF, 0x0A,
    0x00, 0x00, 0x00, 0x00, 0x50, 0xFF, 0xCF, 0xF4, 0xFF, 0x0D, 0x00, 0x00, 0x00, 0x00, 0x80, 0xFF,
    0x9F, 0xF0, 0xFF, 0x1F, 0x00, 0x00, 0x00, 0x00, 0xC0, 0xFF, 0x5F, 0xA0, 0xFF, 0x8F, 0x00, 0x00,
    0x00, 0x00, 0xF3, 0xFF, 0x0F, 0x40, 0xFF, 0xFF, 0x02, 0x00, 0x00, 0x00, 0xFC, 0xFF, 0x08, 0x00,
    0xFA, 0xFF, 0x4E, 0x00, 0x00, 0xB2, 0xFF, 0xEF, 0x01, 0x00, 0xD1, 0xFF, 0xFF, 0xBE, 0xCA, 0xFF,
    0xFF, 0x3F, 0x00, 0x00, 0x10, 0xFC, 0xFF, 0xFF, 0xFF, 0xFF, 0xEF, 0x03, 0x00, 0x00, 0x00, 0x60,
    0xFD, 0xFF, 0xFF, 0xEF, 0x18, 0x00, 0x00, 0x00, 0x00, 0x00, 0x20, 0x75, 0x67, 0x03, 0x00, 0x00,
    0x00, 0x00, 0x00, 0x00, 0x00, 0x40, 0x76, 0x25, 0x00, 0x00, 0x00, 0xF0, 0xFF, 0x04, 0x80, 0xFF,
    0xFF, 0xFF, 0x3C, 0x00, 0x00, 0xF0, 0xFF, 0x26, 0xFD, 0xFF, 0xFF, 0xFF, 0xFF, 0x05, 0x00, 0xF0,
    0xFF, 0xD8, 0xFF, 0xBE, 0xEB, 0xFF, 0xFF, 0x2F, 0x00, 0xF0, 0xFF, 0xFF, 0x6F, 0x00, 0x00, 0xF5,
    0xFF, 0xBF, 0x00, 0xF0, 0xFF, 0xEF, 0x03, 0x00, 0x00, 0x60, 0xFF, 0xFF, 0x02, 0xF0, 0xFF, 0x4F,
    0x00, 0x00, 0x00, 0x00, 0xFD, 0xFF, 0x07, 0xF0, 0xFF, 0x0C, 0x00, 0x00, 0x00, 0x00, 0xF7, 0xFF,
    0x0B, 0xF0, 0xFF, 0x0C, 0x00, 0x00, 0x00, 0x00, 0xF4, 0xFF, 0x0E, 0xF0, 0xFF, 0x0C, 0x00, 0x00,
    0x00, 0x00, 0xF1, 0xFF, 0x0F, 0xF0, 0xFF, 0x0C, 0x00, 0x00, 0x00, 0x00, 0xF0, 0xFF, 0x1F, 0xF0,
    0xFF, 0x0C, 0x00, 0x00, 0x00, 0x00, 0xF0, 0xFF, 0x2F, 0xF0, 0xFF, 0x0C, 0x00, 0x00, 0x00, 0x00,
    0xF0, 0xFF, 0x2F, 0xF0, 0xFF, 0x0C, 0x00, 0x00, 0x00, 0x00, 0xF0, 0xFF, 0x1F, 0xF0, 0xFF, 0x0C,
    0x00, 0x00, 0x00, 0x00, 0xF1, 0xFF, 0x0F, 0xF0, 0xFF, 0x0C, 0x00, 0x00, 0x00, 0x00, 0xF4, 0xFF,
    0x0D, 0xF0, 0xFF, 0x0C, 0x00, 0x00, 0x00, 0x00, 0xF8, 0xFF, 0x0A, 0xF0, 0xFF, 0x0D, 0x00, 0x00,
    0x00, 0x00, 0xFE, 0xFF, 0x04, 0xF0, 0xFF, 0x7F, 0x00, 0x00, 0x00, 0x80, 0xFF, 0xEF, 0x00, 0xF0,
    0xFF, 0xFF, 0x19, 0x00, 0x00, 0xF8, 0xFF, 0x6F, 0x00, 0xF0, 0xFF, 0xFF, 0xFF, 0xAC, 0xFB, 0xFF,
    0xFF, 0x0B, 0x00, 0xF0, 0xFF, 0xAD, 0xFF, 0xFF, 0xFF, 0xFF, 0xCF, 0x00, 0x00, 0xF0, 0xFF, 0x0C,
    0xE6, 0xFF, 0xFF, 0xEF, 0x08, 0x00, 0x00, 0xF0, 0xFF, 0x0C, 0x00, 0x64, 0x67, 0x04, 0x00, 0x00,
    0x00, 0xF0, 0xFF, 0x0C, 0x00, 0x00, 0x00, 0x00, 0x00, 0x00, 0x00, 0xF0, 0xFF, 0x0C, 0x00, 0x00,
    0x00, 0x00, 0x00, 0x00, 0x00, 0xF0, 0xFF, 0x0C, 0x00, 0x00, 0x00, 0x00, 0x00, 0x00, 0x00, 0xF0,
    0xFF, 0x0C, 0x00, 0x00, 0x00, 0x00, 0x00, 0x00, 0x00, 0xF0, 0xFF, 0x0C, 0x00, 0x00, 0x00, 0x00,
    0x00, 0x00, 0x00, 0xF0, 0xFF, 0x0C, 0x00, 0x00, 0x00, 0x00, 0x00, 0x00, 0x00, 0xF0, 0xFF, 0x0C,
    0x00, 0x00, 0x00, 0x00, 0x00, 0x00, 0x00, 0xF0, 0xCE, 0x08, 0x00, 0x00, 0x00, 0x00, 0x00, 0x00,
    0x00, 0x00, 0x00, 0x00, 0x00, 0x00, 0x00, 0x00, 0x00, 0x00, 0x00, 0x00, 0x00, 0x00, 0x40, 0x77,
    0x15, 0x00, 0x00, 0x00, 0x00, 0x00, 0x00, 0x80, 0xFF, 0xFF, 0xFF, 0x2B, 0x60, 0xFF, 0x0F, 0x00,
    0x10, 0xFD, 0xFF, 0xFF, 0xFF, 0xFF, 0x84, 0xFF, 0x0F, 0x00, 0xD0, 0xFF, 0xFF, 0xBE, 0xDB, 0xFF,
    0xDF, 0xFF, 0x0F, 0x00, 0xF9, 0xFF, 0x6F, 0x00, 0x00, 0xE4, 0xFF, 0xFF, 0x0F, 0x10, 0xFF, 0xFF,
    0x05, 0x00, 0x00, 0x10, 0xFD, 0xFF, 0x0F, 0x80, 0xFF, 0xBF, 0x00, 0x00, 0x00, 0x00, 0xF2, 0xFF,
    0x0F, 0xD0, 0xFF, 0x4F, 0x00, 0x00, 0x00, 0x00, 0xE0, 0xFF, 0x0F, 0xF1, 0xFF, 0x0F, 0x00, 0x00,
    0x00, 0x00, 0xE0, 0xFF, 0x0F, 0xF3, 0xFF, 0x0D, 0x00, 0x00, 0x00, 0x00, 0xE0, 0xFF, 0x0F, 0xF5,
    0xFF, 0x0C, 0x00, 0x00, 0x00, 0x00, 0xE0, 0xFF, 0x0F, 0xF6, 0xFF, 0x0B, 0x00, 0x00, 0x00, 0x00,
    0xE0, 0xFF, 0x0F, 0xF6, 0xFF, 0x0B, 0x00, 0x00, 0x00, 0x00, 0xE0, 0xFF, 0x0F, 0xF5, 0xFF, 0x0C,
    0x00, 0x00, 0x00, 0x00, 0xE0, 0xFF, 0x0F, 0xF4, 0xFF, 0x0D, 0x00, 0x00, 0x00, 0x00, 0xE0, 0xFF,
    0x0F, 0xF1, 0xFF, 0x0F, 0x00, 0x00, 0x00, 0x00, 0xE0, 0xFF, 0x0F, 0xE0, 0xFF, 0x4F, 0x00, 0x00,
    0x00, 0x00, 0xE0, 0xFF, 0x0F, 0xA0, 0xFF, 0x9F, 0x00, 0x00, 0x00, 0x00, 0xF3, 0xFF, 0x0F, 0x40,
    0xFF, 0xFF, 0x03, 0x00, 0x00, 0x20, 0xFE, 0xFF, 0x0F, 0x00, 0xFC, 0xFF, 0x3E, 0x00, 0x00, 0xE5,
    0xFF, 0xFF, 0x0F, 0x00, 0xF2, 0xFF, 0xFF, 0xAD, 0xEB, 0xFF, 0xEB, 0xFF, 0x0F, 0x00, 0x40, 0xFF,
    0xFF, 0xFF, 0xFF, 0xCF, 0xE0, 0xFF, 0x0F, 0x00, 0x00, 0xB2, 0xFF, 0xFF, 0xEF, 0x07, 0xE0, 0xFF,
    0x0F, 0x00, 0x00, 0x00, 0x52, 0x67, 0x04, 0x00, 0xE0, 0xFF, 0x0F, 0x00, 0x00, 0x00, 0x00, 0x00,
    0x00, 0x00, 0xE0, 0xFF, 0x0F, 0x00, 0x00, 0x00, 0x00, 0x00, 0x00, 0x00, 0xE0, 0xFF, 0x0F, 0x00,
    0x00, 0x00, 0x00, 0x00, 0x00, 0x00, 0xE0, 0xFF, 0x0F, 0x00, 0x00, 0x00, 0x00, 0x00, 0x00, 0x00,
    0xE0, 0xFF, 0x0F, 0x00, 0x00, 0x00, 0x00, 0x00, 0x00, 0x00, 0xE0, 0xFF, 0x0F, 0x00, 0x00, 0x00,
    0x00, 0x00, 0x00, 0x00, 0xE0, 0xFF, 0x0F, 0x00, 0x00, 0x00, 0x00, 0x00, 0x00, 0x00, 0xE0, 0xFF,
    0x0F, 0x00, 0x00, 0x00, 0x00, 0x00, 0x00, 0x00, 0x90, 0xEC, 0x0F, 0x00, 0x00, 0x00, 0x00, 0x00,
    0x00, 0x00, 0x00, 0x00, 0x00, 0x00, 0x00, 0x00, 0x00, 0x61, 0x67, 0x03, 0xF0, 0xFF, 0x04, 0x80,
    0xFF, 0xFF, 0x08, 0xF0, 0xFF, 0x05, 0xF9, 0xFF, 0xFF, 0x06, 0xF0, 0xFF, 0x47, 0xFF, 0xFF, 0xFF,
    0x03, 0xF0, 0xFF, 0xC8, 0xFF, 0x8C, 0xD9, 0x00, 0xF0, 0xFF, 0xFC, 0x5F, 0x00, 0x00, 0x00, 0xF0,
    0xFF, 0xFF, 0x06, 0x00, 0x00, 0x00, 0xF0, 0xFF, 0xDF, 0x00, 0x00, 0x00, 0x00, 0xF0, 0xFF, 0x7F,
    0x00, 0x00, 0x00, 0x00, 0xF0, 0xFF, 0x1F, 0x00, 0x00, 0x00, 0x00, 0xF0, 0xFF, 0x0D, 0x00, 0x00,
    0x00, 0x00, 0xF0, 0xFF, 0x0C, 0x00, 0x00, 0x00, 0x00, 0xF0, 0xFF, 0x0C, 0x00, 0x00, 0x00, 0x00,
    0xF0, 0xFF, 0x0C, 0x00, 0x00, 0x00, 0x00, 0xF0, 0xFF, 0x0C, 0x00, 0x00, 0x00, 0x00, 0xF0, 0xFF,
    0x0C, 0x00, 0x00, 0x00, 0x00, 0xF0, 0xFF, 0x0C, 0x00, 0x00, 0x00, 0x00, 0xF0, 0xFF, 0x0C, 0x00,
    0x00, 0x00, 0x00, 0xF0, 0xFF, 0x0C, 0x00, 0x00, 0x00, 0x00, 0xF0, 0xFF, 0x0C, 0x00, 0x00, 0x00,
    0x00, 0xF0, 0xFF, 0x0C, 0x00, 0x00, 0x00, 0x00, 0xF0, 0xFF, 0x0C, 0x00, 0x00, 0x00, 0x00, 0xF0,
    0xFF, 0x0C, 0x00, 0x00, 0x00, 0x00, 0x00, 0x00, 0x00, 0x53, 0x77, 0x36, 0x00, 0x00, 0x00, 0x00,
    0x00, 0xE8, 0xFF, 0xFF, 0xFF, 0x9F, 0x02, 0x00, 0x00, 0xE2, 0xFF, 0xFF, 0xFF, 0xFF, 0xFF, 0x8F,
    0x00, 0x10, 0xFE, 0xFF, 0xDF, 0xAB, 0xFC, 0xFF, 0xFF, 0x02, 0x90, 0xFF, 0xDF, 0x03, 0x00, 0x00,
    0xC5, 0x6F, 0x00, 0xE0, 0xFF, 0x3F, 0x00, 0x00, 0x00, 0x00, 0x04, 0x00, 0xF0, 0xFF, 0x0F, 0x00,
    0x00, 0x00, 0x00, 0x00, 0x00, 0xE0, 0xFF, 0x3F, 0x00, 0x00, 0x00, 0x00, 0x00, 0x00, 0xA0, 0xFF,
    0xDF, 0x02, 0x00, 0x00, 0x00, 0x00, 0x00, 0x30, 0xFF, 0xFF, 0xAF, 0x05, 0x00, 0x00, 0x00, 0x00,
    0x00, 0xF5, 0xFF, 0xFF, 0xFF, 0x6B, 0x01, 0x00, 0x00, 0x00, 0x30, 0xFC, 0xFF, 0xFF, 0xFF, 0x9F,
    0x01, 0x00, 0x00, 0x00, 0x30, 0xD9, 0xFF, 0xFF, 0xFF, 0x3E, 0x00, 0x00, 0x00, 0x00, 0x00, 0x72,
    0xFD, 0xFF, 0xEF, 0x01, 0x00, 0x00, 0x00, 0x00, 0x00, 0x50, 0xFF, 0xFF, 0x08, 0x00, 0x00, 0x00,
    0x00, 0x00, 0x00, 0xF6, 0xFF, 0x0D, 0x00, 0x00, 0x00, 0x00, 0x00, 0x00, 0xF1, 0xFF, 0x0F, 0x00,
    0x00, 0x00, 0x00, 0x00, 0x00, 0xF1, 0xFF, 0x0E, 0x30, 0x07, 0x00, 0x00, 0x00, 0x00, 0xF7, 0xFF,
    0x0C, 0xE1, 0xDF, 0x06, 0x00, 0x00, 0x70, 0xFF, 0xFF, 0x06, 0xFB, 0xFF, 0xFF, 0xBC, 0xCA, 0xFF,
    0xFF, 0xCF, 0x00, 0xA0, 0xFF, 0xFF, 0xFF, 0xFF, 0xFF, 0xFF, 0x1B, 0x00, 0x00, 0xA3, 0xFF, 0xFF,
    0xFF, 0xFF, 0x5C, 0x00, 0x00, 0x00, 0x00, 0x30, 0x75, 0x67, 0x14, 0x00, 0x00, 0x00, 0x00, 0x00,
    0x31, 0x75, 0x00, 0x00, 0x00, 0x00, 0x00, 0x00, 0xFC, 0xFF, 0x00, 0x00, 0x00, 0x00, 0x00, 0x00,
    0xFC, 0xFF, 0x00, 0x00, 0x00, 0x00, 0x00, 0x00, 0xFC, 0xFF, 0x00, 0x00, 0x00, 0x00, 0x00, 0x00,
    0xFC, 0xFF, 0x00, 0x00, 0x00, 0x00, 0x00, 0x00, 0xFC, 0xFF, 0x00, 0x00, 0x00, 0x00, 0xFA, 0xFF,
    0xFF, 0xFF, 0xFF, 0xFF, 0x2F, 0x00, 0xFA, 0xFF, 0xFF, 0xFF, 0xFF, 0xFF, 0x0F, 0x00, 0xFA, 0xFF,
    0xFF, 0xFF, 0xFF, 0xFF, 0x0E, 0x00, 0x21, 0x22, 0xFD, 0xFF, 0x22, 0x22, 0x01, 0x00, 0x00, 0x00,
    0xFC, 0xFF, 0x00, 0x00, 0x00, 0x00, 0x00, 0x00, 0xFC, 0xFF, 0x00, 0x00, 0x00, 0x00, 0x00, 0x00,
    0xFC, 0xFF, 0x00, 0x00, 0x00, 0x00, 0x00, 0x00, 0xFC, 0xFF, 0x00, 0x00, 0x00, 0x00, 0x00, 0x00,
    0xFC, 0xFF, 0x00, 0x00, 0x00, 0x00, 0x00, 0x00, 0xFC, 0xFF, 0x00, 0x00, 0x00, 0x00, 0x00, 0x00,
    0xFC, 0xFF, 0x00, 0x00, 0x00, 0x00, 0x00, 0x00, 0xFC, 0xFF, 0x00, 0x00, 0x00, 0x00, 0x00, 0x00,
    0xFC, 0xFF, 0x00, 0x00, 0x00, 0x00, 0x00, 0x00, 0xFC, 0xFF, 0x00, 0x00, 0x00, 0x00, 0x00, 0x00,
    0xFC, 0xFF, 0x00, 0x00, 0x00, 0x00, 0x00, 0x00, 0xFC, 0xFF, 0x00, 0x00, 0x00, 0x00, 0x00, 0x00,
    0xFC, 0xFF, 0x01, 0x00, 0x00, 0x00, 0x00, 0x00, 0xFB, 0xFF, 0x03, 0x00, 0x00, 0x00, 0x00, 0x00,
    0xF8, 0xFF, 0x0A, 0x00, 0x41, 0x00, 0x00, 0x00, 0xF2, 0xFF, 0xDF, 0xCA, 0xFF, 0x02, 0x00, 0x00,
    0x80, 0xFF, 0xFF, 0xFF, 0xFF, 0x0B, 0x00, 0x00, 0x00, 0xF7, 0xFF, 0xFF, 0xDF, 0x05, 0x00, 0x00,
    0x00, 0x10, 0x75, 0x67, 0x02, 0x00, 0xF4, 0xFF, 0x09, 0x00, 0x00, 0x00, 0x80, 0xFF, 0x4F, 0xF4,
    0xFF, 0x09, 0x00, 0x00, 0x00, 0x80, 0xFF, 0x4F, 0xF4, 0xFF, 0x09, 0x00, 0x00, 0x00, 0x80, 0xFF,
    0x4F, 0xF4, 0xFF, 0x09, 0x00, 0x00, 0x00, 0x80, 0xFF, 0x4F, 0xF4, 0xFF, 0x09, 0x00, 0x00, 0x00,
    0x80, 0xFF, 0x4F, 0xF4, 0xFF, 0x09, 0x00, 0x00, 0x00, 0x80, 0xFF, 0x4F, 0xF4, 0xFF, 0x09, 0x00,
    0x00, 0x00, 0x80, 0xFF, 0x4F, 0xF4, 0xFF, 0x09, 0x00, 0x00, 0x00, 0x80, 0xFF, 0x4F, 0xF4, 0xFF,
    0x09, 0x00, 0x00, 0x00, 0x80, 0xFF, 0x4F, 0xF4, 0xFF, 0x09, 0x00, 0x00, 0x00, 0x80, 0xFF, 0x4F,
    0xF4, 0xFF, 0x09, 0x00, 0x00, 0x00, 0x80, 0xFF, 0x4F, 0xF4, 0xFF, 0x09, 0x00, 0x00, 0x00, 0x80,
    0xFF, 0x4F, 0xF4, 0xFF, 0x09, 0x00, 0x00, 0x00, 0x80, 0xFF, 0x4F, 0xF4, 0xFF, 0x09, 0x00, 0x00,
    0x00, 0x80, 0xFF, 0x4F, 0xF4, 0xFF, 0x09, 0x00, 0x00, 0x00, 0x80, 0xFF, 0x4F, 0xF3, 0xFF, 0x09,
    0x00, 0x00, 0x00, 0x90, 0xFF, 0x4F, 0xF3, 0xFF, 0x0A, 0x00, 0x00, 0x00, 0xF3, 0xFF, 0x4F, 0xF1,
    0xFF, 0x0E, 0x00, 0x00, 0x20, 0xFE, 0xFF, 0x4F, 0xD0, 0xFF, 0x8F, 0x00, 0x00, 0xE5, 0xEF, 0xFF,
    0x4F, 0x70, 0xFF, 0xFF, 0xBE, 0xEB, 0xFF, 0x4E, 0xFF, 0x4F, 0x00, 0xFC, 0xFF, 0xFF, 0xFF, 0xEF,
    0x23, 0xFF, 0x4F, 0x00, 0xA0, 0xFF, 0xFF, 0xFF, 0x1A, 0x00, 0xFF, 0x4F, 0x00, 0x00, 0x51, 0x67,
    0x15, 0x00, 0x00, 0x00, 0x00, 0xF6, 0xFF, 0x0B, 0x00, 0x00, 0x00, 0x00, 0x10, 0xFF, 0xEF, 0x00,
    0xF1, 0xFF, 0x0F, 0x00, 0x00, 0x00, 0x00, 0x60, 0xFF, 0x9F, 0x00, 0xB0, 0xFF, 0x5F, 0x00, 0x00,
    0x00, 0x00, 0xB0, 0xFF, 0x3F, 0x00, 0x60, 0xFF, 0xAF, 0x00, 0x00, 0x00, 0x00, 0xF0, 0xFF, 0x0E,
    0x00, 0x00, 0xFF, 0xFF, 0x00, 0x00, 0x00, 0x00, 0xF5, 0xFF, 0x08, 0x00, 0x00, 0xFA, 0xFF, 0x04,
    0x00, 0x00, 0x00, 0xFA, 0xFF, 0x03, 0x00, 0x00, 0xF5, 0xFF, 0x09, 0x00, 0x00, 0x00, 0xFE, 0xDF,
    0x00, 0x00, 0x00, 0xF0, 0xFF, 0x0E, 0x00, 0x00, 0x40, 0xFF, 0x8F, 0x00, 0x00, 0x00, 0xA0, 0xFF,
    0x3F, 0x00, 0x00, 0x90, 0xFF, 0x3F, 0x00, 0x00, 0x00, 0x40, 0xFF, 0x8F, 0x00, 0x00, 0xD0, 0xFF,
    0x0D, 0x00, 0x00, 0x00, 0x00, 0xFE, 0xDF, 0x00, 0x00, 0xF2, 0xFF, 0x08, 0x00, 0x00, 0x00, 0x00,
    0xF9, 0xFF, 0x02, 0x00, 0xF7, 0xFF, 0x02, 0x00, 0x00, 0x00, 0x00, 0xF4, 0xFF, 0x07, 0x00, 0xFC,
    0xDF, 0x00, 0x00, 0x00, 0x00, 0x00, 0xE0, 0xFF, 0x0B, 0x10, 0xFF, 0x8F, 0x00, 0x00, 0x00, 0x00,
    0x00, 0x90, 0xFF, 0x1F, 0x60, 0xFF, 0x2F, 0x00, 0x00, 0x00, 0x00, 0x00, 0x30, 0xFF, 0x5F, 0xB0,
    0xFF, 0x0D, 0x00, 0x00, 0x00, 0x00, 0x00, 0x00, 0xFE, 0xAF, 0xF0, 0xFF, 0x07, 0x00, 0x00, 0x00,
    0x00, 0x00, 0x00, 0xF8, 0xFF, 0xF5, 0xFF, 0x02, 0x00, 0x00, 0x00, 0x00, 0x00, 0x00, 0xF3, 0xFF,
    0xFE, 0xCF, 0x00, 0x00, 0x00, 0x00, 0x00, 0x00, 0x00, 0xD0, 0xFF, 0xFF, 0x7F, 0x00, 0x00, 0x00,
    0x00, 0x00, 0x00, 0x00, 0x80, 0xFF, 0xFF, 0x2F, 0x00, 0x00, 0x00, 0x00, 0x00, 0x00, 0x00, 0x20,
    0xFF, 0xFF, 0x0C, 0x00, 0x00, 0x00, 0x00, 0xF1, 0xFF, 0x0C, 0x00, 0x00, 0x00, 0xF2, 0xFF, 0x5F,
    0x00, 0x00, 0x00, 0xB0, 0xFF, 0x0E, 0xD0, 0xFF, 0x0F, 0x00, 0x00, 0x00, 0xF6, 0xFF, 0x9F, 0x00,
    0x00, 0x00, 0xE0, 0xFF, 0x0B, 0x90, 0xFF, 0x2F, 0x00, 0x00, 0x00, 0xF9, 0xFF, 0xCF, 0x00, 0x00,
    0x00, 0xF2, 0xFF, 0x07, 0x50, 0xFF, 0x6F, 0x00, 0x00, 0x00, 0xFD, 0xFF, 0xFF, 0x00, 0x00, 0x00,
    0xF5, 0xFF, 0x04, 0x20, 0xFF, 0x9F, 0x00, 0x00, 0x00, 0xFF, 0xDD, 0xFF, 0x03, 0x00, 0x00, 0xF8,
    0xFF, 0x00, 0x00, 0xFE, 0xCF, 0x00, 0x00, 0x40, 0xFF, 0x99, 0xFF, 0x06, 0x00, 0x00, 0xFC, 0xCF,
    0x00, 0x00, 0xFA, 0xFF, 0x00, 0x00, 0x80, 0xFF, 0x66, 0xFF, 0x0A, 0x00, 0x00, 0xFF, 0x9F, 0x00,
    0x00, 0xF6, 0xFF, 0x03, 0x00, 0xB0, 0xFF, 0x32, 0xFF, 0x0D, 0x00, 0x20, 0xFF, 0x5F, 0x00, 0x00,
    0xF3, 0xFF, 0x06, 0x00, 0xF0, 0xFF, 0x00, 0xFF, 0x1F, 0x00, 0x60, 0xFF, 0x1F, 0x00, 0x00, 0xF0,
    0xFF, 0x09, 0x00, 0xF2, 0xBF, 0x00, 0xFC, 0x4F, 0x00, 0x90, 0xFF, 0x0E, 0x00, 0x00, 0xB0, 0xFF,
    0x0D, 0x00, 0xF6, 0x8F, 0x00, 0xF9, 0x7F, 0x00, 0xC0, 0xFF, 0x0A, 0x00, 0x00, 0x70, 0xFF, 0x0F,
    0x00, 0xF9, 0x4F, 0x00, 0xF5, 0xBF, 0x00, 0xF0, 0xFF, 0x06, 0x00, 0x00, 0x40, 0xFF, 0x3F, 0x00,
    0xFD, 0x1F, 0x00, 0xF2, 0xEF, 0x00, 0xF3, 0xFF, 0x03, 0x00, 0x00, 0x00, 0xFF, 0x6F, 0x10, 0xFF,
    0x0E, 0x00, 0xF0, 0xFF, 0x02, 0xF6, 0xFF, 0x00, 0x00, 0x00, 0x00, 0xFC, 0xAF, 0x40, 0xFF, 0x0A,
    0x00, 0xB0, 0xFF, 0x05, 0xFA, 0xCF, 0x00, 0x00, 0x00, 0x00, 0xF9, 0xDF, 0x80, 0xFF, 0x07, 0x00,
    0x80, 0xFF, 0x08, 0xFD, 0x8F, 0x00, 0x00, 0x00, 0x00, 0xF5, 0xFF, 0xB0, 0xFF, 0x03, 0x00, 0x50,
    0xFF, 0x0C, 0xFF, 0x4F, 0x00, 0x00, 0x00, 0x00, 0xF1, 0xFF, 0xF4, 0xFF, 0x00, 0x00, 0x10, 0xFF,
    0x4F, 0xFF, 0x1F, 0x00, 0x00, 0x00, 0x00, 0xD0, 0xFF, 0xFA, 0xCF, 0x00, 0x00, 0x00, 0xFE, 0xAF,
    0xFF, 0x0D, 0x00, 0x00, 0x00, 0x00, 0xA0, 0xFF, 0xFF, 0x9F, 0x00, 0x00, 0x00, 0xFB, 0xFF, 0xFF,
    0x09, 0x00, 0x00, 0x00, 0x00, 0x60, 0xFF, 0xFF, 0x5F, 0x00, 0x00, 0x00, 0xF7, 0xFF, 0xFF, 0x06,
    0x00, 0x00, 0x00, 0x00, 0x20, 0xFF, 0xFF, 0x2F, 0x00, 0x00, 0x00, 0xF4, 0xFF, 0xFF, 0x02, 0x00,
    0x00, 0x90, 0xFF, 0xDF, 0x00, 0x00, 0x00, 0x00, 0xF7, 0xFF, 0x0C, 0x00, 0xFE, 0xFF, 0x06, 0x00,
    0x00, 0x10, 0xFF, 0xFF, 0x02, 0x00, 0xF4, 0xFF, 0x0E, 0x00, 0x00, 0x90, 0xFF, 0x7F, 0x00, 0x00,
    0xA0, 0xFF, 0x8F, 0x00, 0x00, 0xF3, 0xFF, 0x0C, 0x00, 0x00, 0x10, 0xFE, 0xFF, 0x02, 0x00, 0xFB,
    0xFF, 0x02, 0x00, 0x00, 0x00, 0xF5, 0xFF, 0x0A, 0x50, 0xFF, 0x7F, 0x00, 0x00, 0x00, 0x00, 0xB0,
    0xFF, 0x3F, 0xD0, 0xFF, 0x0D, 0x00, 0x00, 0x00, 0x00, 0x20, 0xFF, 0xCF, 0xF7, 0xFF, 0x03, 0x00,
    0x00, 0x00, 0x00, 0x00, 0xF7, 0xFF, 0xFF, 0x8F, 0x00, 0x00, 0x00, 0x00, 0x00, 0x00, 0xC0, 0xFF,
    0xFF, 0x0D, 0x00, 0x00, 0x00, 0x00, 0x00, 0x00, 0x40, 0xFF, 0xFF, 0x09, 0x00, 0x00, 0x00, 0x00,
    0x00, 0x00, 0xC0, 0xFF, 0xFF, 0x3F, 0x00, 0x00, 0x00, 0x00, 0x00, 0x00, 0xF7, 0xFF, 0xFF, 0xDF,
    0x00, 0x00, 0x00, 0x00, 0x00, 0x20, 0xFF, 0x9F, 0xF9, 0xFF, 0x07, 0x00, 0x00, 0x00, 0x00, 0xC0,
    0xFF, 0x1E, 0xE1, 0xFF, 0x2F, 0x00, 0x00, 0x00, 0x00, 0xF7, 0xFF, 0x06, 0x60, 0xFF, 0xCF, 0x00,
    0x00, 0x00, 0x20, 0xFF, 0xCF, 0x00, 0x00, 0xFD, 0xFF, 0x06, 0x00, 0x00, 0xC0, 0xFF, 0x3F, 0x00,
    0x00, 0xF4, 0xFF, 0x2F, 0x00, 0x00, 0xF7, 0xFF, 0x09, 0x00, 0x00, 0xA0, 0xFF, 0xBF, 0x00, 0x20,
    0xFF, 0xFF, 0x01, 0x00, 0x00, 0x10, 0xFF, 0xFF, 0x06, 0xC0, 0xFF, 0x6F, 0x00, 0x00, 0x00, 0x00,
    0xF8, 0xFF, 0x1E, 0xF7, 0xFF, 0x0D, 0x00, 0x00, 0x00, 0x00, 0xE0, 0xFF, 0xAF, 0xF6, 0xFF, 0x0A,
    0x00, 0x00, 0x00, 0x00, 0x00, 0xFF, 0xEF, 0x00, 0xF1, 0xFF, 0x0E, 0x00, 0x00, 0x00, 0x00, 0x50,
    0xFF, 0x9F, 0x00, 0xB0, 0xFF, 0x4F, 0x00, 0x00, 0x00, 0x00, 0xA0, 0xFF, 0x4F, 0x00, 0x60, 0xFF,
    0x9F, 0x00, 0x00, 0x00, 0x00, 0xE0, 0xFF, 0x0E, 0x00, 0x10, 0xFF, 0xDF, 0x00, 0x00, 0x00, 0x00,
    0xF3, 0xFF, 0x09, 0x00, 0x00, 0xFB, 0xFF, 0x02, 0x00, 0x00, 0x00, 0xF8, 0xFF, 0x04, 0x00, 0x00,
    0xF6, 0xFF, 0x07, 0x00, 0x00, 0x00, 0xFD, 0xEF, 0x00, 0x00, 0x00, 0xF1, 0xFF, 0x0C, 0x00, 0x00,
    0x10, 0xFF, 0x9F, 0x00, 0x00, 0x00, 0xB0, 0xFF, 0x1F, 0x00, 0x00, 0x60, 0xFF, 0x4F, 0x00, 0x00,
    0x00, 0x60, 0xFF, 0x6F, 0x00, 0x00, 0xB0, 0xFF, 0x0E, 0x00, 0x00, 0x00, 0x10, 0xFF, 0xBF, 0x00,
    0x00, 0xF0, 0xFF, 0x09, 0x00, 0x00, 0x00, 0x00, 0xFB, 0xFF, 0x00, 0x00, 0xF5, 0xFF, 0x04, 0x00,
    0x00, 0x00, 0x00, 0xF6, 0xFF, 0x05, 0x00, 0xF9, 0xFF, 0x00, 0x00, 0x00, 0x00, 0x00, 0xF1, 0xFF,
    0x09, 0x00, 0xFE, 0xAF, 0x00, 0x00, 0x00, 0x00, 0x00, 0xB0, 0xFF, 0x0E, 0x30, 0xFF, 0x4F, 0x00,
    0x00, 0x00, 0x00, 0x00, 0x60, 0xFF, 0x3F, 0x80, 0xFF, 0x0F, 0x00, 0x00, 0x00, 0x00, 0x00, 0x10,
    0xFF, 0x8F, 0xC0, 0xFF, 0x0A, 0x00, 0x00, 0x00, 0x00, 0x00, 0x00, 0xFB, 0xDF, 0xF1, 0xFF, 0x05,
    0x00, 0x00, 0x00, 0x00, 0x00, 0x00, 0xF6, 0xFF, 0xF8, 0xFF, 0x00, 0x00, 0x00, 0x00, 0x00, 0x00,
    0x00, 0xF1, 0xFF, 0xFF, 0xAF, 0x00, 0x00, 0x00, 0x00, 0x00, 0x00, 0x00, 0xB0, 0xFF, 0xFF, 0x5F,
    0x00, 0x00, 0x00, 0x00, 0x00, 0x00, 0x00, 0x50, 0xFF, 0xFF, 0x0F, 0x00, 0x00, 0x00, 0x00, 0x00,
    0x00, 0x00, 0x00, 0xF2, 0xFF, 0x0A, 0x00, 0x00, 0x00, 0x00, 0x00, 0x00, 0x00, 0x00, 0xF8, 0xFF,
    0x04, 0x00, 0x00, 0x00, 0x00, 0x00, 0x00, 0x00, 0x10, 0xFF, 0xDF, 0x00, 0x00, 0x00, 0x00, 0x00,
    0x00, 0x00, 0x00, 0xB0, 0xFF, 0x4F, 0x00, 0x00, 0x00, 0x00, 0x00, 0x00, 0x00, 0x10, 0xFB, 0xFF,
    0x0A, 0x00, 0x00, 0x00, 0x00, 0x00, 0x00, 0x51, 0xFA, 0xFF, 0xDF, 0x01, 0x00, 0x00, 0x00, 0x00,
    0x00, 0x00, 0xFC, 0xFF, 0xFF, 0x1D, 0x00, 0x00, 0x00, 0x00, 0x00, 0x00, 0x00, 0xFA, 0xFF, 0x9F,
    0x00, 0x00, 0x00, 0x00, 0x00, 0x00, 0x00, 0x00, 0xE8, 0x7B, 0x01, 0x00, 0x00, 0x00, 0x00, 0x00,
    0x00, 0x00, 0x00, 0x00, 0x00, 0x00, 0x00, 0x00, 0x00, 0x00, 0x00, 0x00, 0x00, 0xF0, 0xFF, 0xFF,
    0xFF, 0xFF, 0xFF, 0xFF, 0xDF, 0xF0, 0xFF, 0xFF, 0xFF, 0xFF, 0xFF, 0xFF, 0xDF, 0xF0, 0xFF, 0xFF,
    0xFF, 0xFF, 0xFF, 0xFF, 0xDF, 0x20, 0x22, 0x22, 0x22, 0x22, 0xD2, 0xFF, 0x5F, 0x00, 0x00, 0x00,
    0x00, 0x00, 0xF8, 0xFF, 0x09, 0x00, 0x00, 0x00, 0x00, 0x30, 0xFF, 0xDF, 0x00, 0x00, 0x00, 0x00,
    0x00, 0xD0, 0xFF, 0x3F, 0x00, 0x00, 0x00, 0x00, 0x00, 0xFA, 0xFF, 0x07, 0x00, 0x00, 0x00, 0x00,
    0x50, 0xFF, 0xCF, 0x00, 0x00, 0x00, 0x00, 0x00, 0xF1, 0xFF, 0x1E, 0x00, 0x00, 0x00, 0x00, 0x00,
    0xFC, 0xFF, 0x05, 0x00, 0x00, 0x00, 0x00, 0x70, 0xFF, 0xAF, 0x00, 0x00, 0x00, 0x00, 0x00, 0xF3,
    0xFF, 0x0D, 0x00, 0x00, 0x00, 0x00, 0x00, 0xFD, 0xFF, 0x03, 0x00, 0x00, 0x00, 0x00, 0x90, 0xFF,
    0x7F, 0x00, 0x00, 0x00, 0x00, 0x00, 0xF5, 0xFF, 0x0C, 0x00, 0x00, 0x00, 0x00, 0x10, 0xFE, 0xFF,
    0x01, 0x00, 0x00, 0x00, 0x00, 0xB0, 0xFF, 0x5F, 0x00, 0x00, 0x00, 0x00, 0x00, 0xF7, 0xFF, 0x2B,
    0x22, 0x22, 0x22, 0x22, 0x22, 0xFF, 0xFF, 0xFF, 0xFF, 0xFF, 0xFF, 0xFF, 0xDF, 0xFF, 0xFF, 0xFF,
    0xFF, 0xFF, 0xFF, 0xFF, 0xBF, 0xFF, 0xFF, 0xFF, 0xFF, 0xFF, 0xFF, 0xFF, 0x9F, 0x00, 0x00, 0x00,
    0x00, 0x10, 0x01, 0x00, 0x00, 0x30, 0xD9, 0xFF, 0x08, 0x00, 0x00, 0xF7, 0xFF, 0xFF, 0x08, 0x00,
    0x30, 0xFF, 0xFF, 0xFF, 0x08, 0x00, 0xA0, 0xFF, 0xBF, 0x03, 0x00, 0x00, 0xE0, 0xFF, 0x0D, 0x00,
    0x00, 0x00, 0xF0, 0xFF, 0x0A, 0x00, 0x00, 0x00, 0xF0, 0xFF, 0x09, 0x00, 0x00, 0x00, 0xF0, 0xFF,
    0x09, 0x00, 0x00, 0x00, 0xF0, 0xFF, 0x09, 0x00, 0x00, 0x00, 0xF0, 0xFF, 0x09, 0x00, 0x00, 0x00,
    0xF0, 0xFF, 0x09, 0x00, 0x00, 0x00, 0xF0, 0xFF, 0x09, 0x00, 0x00, 0x00, 0xF0, 0xFF, 0x09, 0x00,
    0x00, 0x00, 0xF0, 0xFF, 0x09, 0x00, 0x00, 0x00, 0xF0, 0xFF, 0x09, 0x00, 0x00, 0x00, 0xF0, 0xFF,
    0x09, 0x00, 0x00, 0x00, 0xF1, 0xFF, 0x08, 0x00, 0x00, 0x00, 0xF5, 0xFF, 0x06, 0x00, 0x00, 0x63,
    0xFE, 0xFF, 0x01, 0x00, 0x00, 0xFF, 0xFF, 0x4E, 0x00, 0x00, 0x00, 0xFF, 0xDF, 0x02, 0x00, 0x00,
    0x00, 0xFF, 0xFF, 0x5F, 0x00, 0x00, 0x00, 0x40, 0xFD, 0xFF, 0x02, 0x00, 0x00, 0x00, 0xF4, 0xFF,
    0x07, 0x00, 0x00, 0x00, 0xF1, 0xFF, 0x08, 0x00, 0x00, 0x00, 0xF0, 0xFF, 0x09, 0x00, 0x00, 0x00,
    0xF0, 0xFF, 0x09, 0x00, 0x00, 0x00, 0xF0, 0xFF, 0x09, 0x00, 0x00, 0x00, 0xF0, 0xFF, 0x09, 0x00,
    0x00, 0x00, 0xF0, 0xFF, 0x09, 0x00, 0x00, 0x00, 0xF0, 0xFF, 0x09, 0x00, 0x00, 0x00, 0xF0, 0xFF,
    0x09, 0x00, 0x00, 0x00, 0xF0, 0xFF, 0x09, 0x00, 0x00, 0x00, 0xF0, 0xFF, 0x09, 0x00, 0x00, 0x00,
    0xF0, 0xFF, 0x09, 0x00, 0x00, 0x00, 0xF0, 0xFF, 0x0A, 0x00, 0x00, 0x00, 0xE0, 0xFF, 0x1E, 0x00,
    0x00, 0x00, 0x90, 0xFF, 0xCF, 0x35, 0x01, 0x00, 0x20, 0xFF, 0xFF, 0xFF, 0x08, 0x00, 0x00, 0xF5,
    0xFF, 0xFF, 0x08, 0x00, 0x00, 0x10, 0xB7, 0xFE, 0x08, 0x82, 0x88, 0x01, 0xF5, 0xFF, 0x02, 0xF5,
    0xFF, 0x02, 0xF5, 0xFF, 0x02, 0xF5, 0xFF, 0x02, 0xF5, 0xFF, 0x02, 0xF5, 0xFF, 0x02, 0xF5, 0xFF,
    0x02, 0xF5, 0xFF, 0x02, 0xF5, 0xFF, 0x02, 0xF5, 0xFF, 0x02, 0xF5, 0xFF, 0x02, 0xF5, 0xFF, 0x02,
    0xF5, 0xFF, 0x02, 0xF5, 0xFF, 0x02, 0xF5, 0xFF, 0x02, 0xF5, 0xFF, 0x02, 0xF5, 0xFF, 0x02, 0xF5,
    0xFF, 0x02, 0xF5, 0xFF, 0x02, 0xF5, 0xFF, 0x02, 0xF5, 0xFF, 0x02, 0xF5, 0xFF, 0x02, 0xF5, 0xFF,
    0x02, 0xF5, 0xFF, 0x02, 0xF5, 0xFF, 0x02, 0xF5, 0xFF, 0x02, 0xF5, 0xFF, 0x02, 0xF5, 0xFF, 0x02,
    0xF5, 0xFF, 0x02, 0xF5, 0xFF, 0x02, 0xF5, 0xFF, 0x02, 0xF5, 0xFF, 0x02, 0xF5, 0xFF, 0x02, 0xF5,
    0xFF, 0x02, 0xF5, 0xFF, 0x02, 0xF5, 0xFF, 0x02, 0xF5, 0xFF, 0x02, 0xF5, 0xFF, 0x02, 0x10, 0x00,
    0x00, 0x00, 0x00, 0x00, 0xF2, 0xEF, 0x6B, 0x00, 0x00, 0x00, 0xF2, 0xFF, 0xFF, 0x1C, 0x00, 0x00,
    0xF2, 0xFF, 0xFF, 0xAF, 0x00, 0x00, 0x00, 0x72, 0xFF, 0xFF, 0x01, 0x00, 0x00, 0x00, 0xF7, 0xFF,
    0x04, 0x00, 0x00, 0x00, 0xF3, 0xFF, 0x06, 0x00, 0x00, 0x00, 0xF2, 0xFF, 0x07, 0x00, 0x00, 0x00,
    0xF2, 0xFF, 0x07, 0x00, 0x00, 0x00, 0xF2, 0xFF, 0x07, 0x00, 0x00, 0x00, 0xF2, 0xFF, 0x07, 0x00,
    0x00, 0x00, 0xF2, 0xFF, 0x07, 0x00, 0x00, 0x00, 0xF2, 0xFF, 0x07, 0x00, 0x00, 0x00, 0xF2, 0xFF,
    0x07, 0x00, 0x00, 0x00, 0xF2, 0xFF, 0x07, 0x00, 0x00, 0x00, 0xF2, 0xFF, 0x07, 0x00, 0x00, 0x00,
    0xF2, 0xFF, 0x07, 0x00, 0x00, 0x00, 0xF2, 0xFF, 0x08, 0x00, 0x00, 0x00, 0xF0, 0xFF, 0x0C, 0x00,
    0x00, 0x00, 0xA0, 0xFF, 0xAF, 0x04, 0x00, 0x00, 0x00, 0xFB, 0xFF, 0x6F, 0x00, 0x00, 0x00, 0x90,
    0xFF, 0x6F, 0x00, 0x00, 0x10, 0xFD, 0xFF, 0x6F, 0x00, 0x00, 0xC0, 0xFF, 0x7F, 0x01, 0x00, 0x00,
    0xF0, 0xFF, 0x0B, 0x00, 0x00, 0x00, 0xF2, 0xFF, 0x07, 0x00, 0x00, 0x00, 0xF2, 0xFF, 0x07, 0x00,
    0x00, 0x00, 0xF2, 0xFF, 0x07, 0x00, 0x00, 0x00, 0xF2, 0xFF, 0x07, 0x00, 0x00, 0x00, 0xF2, 0xFF,
    0x07, 0x00, 0x00, 0x00, 0xF2, 0xFF, 0x07, 0x00, 0x00, 0x00, 0xF2, 0xFF, 0x07, 0x00, 0x00, 0x00,
    0xF2, 0xFF, 0x07, 0x00, 0x00, 0x00, 0xF2, 0xFF, 0x07, 0x00, 0x00, 0x00, 0xF2, 0xFF, 0x07, 0x00,
    0x00, 0x00, 0xF2, 0xFF, 0x07, 0x00, 0x00, 0x00, 0xF4, 0xFF, 0x06, 0x00, 0x00, 0x00, 0xF9, 0xFF,
    0x04, 0x00, 0x20, 0x94, 0xFF, 0xFF, 0x00, 0x00, 0xF2, 0xFF, 0xFF, 0x8F, 0x00, 0x00, 0xF2, 0xFF,
    0xFF, 0x0A, 0x00, 0x00, 0xF1, 0xCE, 0x49, 0x00, 0x00, 0x00, 0x00, 0x40, 0xFB, 0xCF, 0x06, 0x00,
    0x00, 0x20, 0x00, 0x00, 0xF8, 0xFF, 0xFF, 0xCF, 0x02, 0x00, 0xE1, 0x3C, 0x70, 0xFF, 0xFF, 0xFF,
    0xFF, 0x7F, 0x52, 0xFE, 0x9F, 0xF2, 0xFF, 0x39, 0xD5, 0xFF, 0xFF, 0xFF, 0xFF, 0x0E, 0xD3, 0x9F,
    0x00, 0x00, 0xF8, 0xFF, 0xFF, 0xEF, 0x02, 0x00, 0x06, 0x00, 0x00, 0x30, 0xEA, 0xDF, 0x18, 0x00,
};
const GFXglyph FiraSans20Glyphs[] = {
    { 0, 0, 11, 0, 0, 0, 0 }, //  
    { 6, 30, 10, 2, 29, 90, 0 }, // !
    { 13, 11, 17, 2, 29, 77, 90 }, // "
    { 21, 29, 22, 0, 29, 319, 167 }, // #
    { 20, 42, 22, 1, 35, 420, 486 }, // $
    { 32, 33, 34, 1, 31, 528, 906 }, // %
    { 26, 31, 30, 3, 30, 403, 1434 }, // &
    { 5, 11, 9, 2, 29, 33, 1837 }, // '
    { 11, 43, 14, 1, 36, 258, 1870 }, // (
    { 11, 43, 14, 1, 36, 258, 2128 }, // )
    { 18, 17, 18, 0, 32, 153, 2386 }, // *
    { 17, 16, 21, 2, 22, 144, 2539 }, // +
    { 7, 12, 10, 1, 5, 48, 2683 }, // ,
    { 13, 4, 17, 2, 16, 28, 2731 }, // -
    { 6, 7, 10, 2, 6, 21, 2759 }, // .
    { 14, 39, 22, 4, 34, 273, 2780 }, // /
    { 19, 30, 23, 2, 29, 300, 3053 }, // 0
    { 13, 29, 18, 1, 29, 203, 3353 }, // 1
    { 18, 29, 21, 1, 29, 261, 3556 }, // 2
    { 19, 30, 21, 0, 29, 300, 3817 }, // 3
    { 20, 30, 22, 1, 30, 300, 4117 }, // 4
    { 18, 30, 21, 1, 29, 270, 4417 }, // 5
    { 19, 30, 22, 2, 29, 300, 4687 }, // 6
    { 17, 30, 19, 1, 29, 270, 4987 }, // 7
    { 21, 30, 23, 1, 29, 330, 5257 }, // 8
    { 19, 31, 22, 1, 29, 310, 5587 }, // 9
    { 6, 22, 10, 2, 21, 66, 5897 }, // :
    { 7, 28, 10, 1, 21, 112, 5963 }, // ;
    { 17, 19, 21, 2, 23, 171, 6075 }, // <
    { 17, 12, 21, 2, 21, 108, 6246 }, // =
    { 17, 19, 21, 2, 23, 171, 6354 }, // >
    { 17, 31, 19, 1, 30, 279, 6525 }, // ?
    { 38, 39, 43, 2, 30, 741, 6804 }, // @
    { 24, 29, 24, 0, 29, 348, 7545 }, // A
    { 20, 29, 25, 4, 29, 290, 7893 }, // B
    { 21, 31, 23, 2, 30, 341, 8183 }, // C
    { 21, 29, 27, 4, 29, 319, 8524 }, // D
    { 17, 29, 22, 4, 29, 261, 8843 }, // E
    { 16, 29, 20, 4, 29, 232, 9104 }, // F
    { 22, 31, 26, 2, 30, 341, 9336 }, // G
    { 21, 29, 28, 4, 29, 319, 9677 }, // H
    { 5, 29, 12, 4, 29, 87, 9996 }, // I
    { 9, 36, 13, 0, 29, 180, 10083 }, // J
    { 21, 29, 25, 4, 29, 319, 10263 }, // K
    { 16, 29, 21, 4, 29, 232, 10582 }, // L
    { 28, 29, 32, 2, 29, 406, 10814 }, // M
    { 21, 29, 28, 4, 29, 319, 11220 }, // N
    { 25, 31, 29, 2, 30, 403, 11539 }, // O
    { 19, 29, 24, 4, 29, 290, 11942 }, // P
    { 26, 35, 29, 2, 30, 455, 12232 }, // Q
    { 21, 29, 25, 4, 29, 319, 12687 }, // R
    { 21, 31, 23, 1, 30, 341, 13006 }, // S
    { 22, 29, 22, 0, 29, 319, 13347 }, // T
    { 21, 30, 28, 3, 29, 330, 13666 }, // U
    { 23, 29, 23, 0, 29, 348, 13996 }, // V
    { 33, 29, 34, 1, 29, 493, 14344 }, // W
    { 23, 29, 23, 0, 29, 348, 14837 }, // X
    { 23, 29, 23, 0, 29, 348, 15185 }, // Y
    { 19, 29, 22, 1, 29, 290, 15533 }, // Z
    { 10, 40, 13, 2, 35, 200, 15823 }, // [
    { 14, 39, 22, 4, 34, 273, 16023 }, // <backslash>
    { 9, 40, 13, 2, 35, 200, 16296 }, // ]
    { 20, 14, 23, 1, 36, 140, 16496 }, // ^
    { 21, 4, 22, 0, -2, 44, 16636 }, // _
    { 11, 8, 13, 1, 34, 48, 16680 }, // `
    { 20, 24, 23, 1, 23, 240, 16728 }, // a
    { 20, 33, 25, 3, 32, 330, 16968 }, // b
    { 17, 24, 20, 2, 23, 216, 17298 }, // c
    { 19, 33, 25, 2, 32, 330, 17514 }, // d
    { 19, 24, 23, 2, 23, 240, 17844 }, // e
    { 17, 32, 14, 0, 32, 288, 18084 }, // f
    { 21, 34, 22, 1, 25, 374, 18372 }, // g
    { 18, 32, 24, 3, 32, 288, 18746 }, // h
    { 6, 33, 12, 3, 33, 99, 19034 }, // i
    { 10, 43, 12, -1, 33, 215, 19133 }, // j
    { 19, 32, 21, 3, 32, 320, 19348 }, // k
    { 9, 33, 12, 3, 32, 165, 19668 }, // l
    { 29, 23, 36, 3, 23, 345, 19833 }, // m
    { 18, 23, 24, 3, 23, 207, 20178 }, // n
    { 20, 24, 24, 2, 23, 240, 20385 }, // o
    { 20, 33, 25, 3, 23, 330, 20625 }, // p
    { 19, 33, 25, 2, 23, 330, 20955 }, // q
    { 13, 23, 16, 3, 23, 161, 21285 }, // r
    { 17, 24, 19, 1, 23, 216, 21446 }, // s
    { 16, 29, 15, 0, 28, 232, 21662 }, // t
    { 18, 23, 24, 3, 22, 207, 21894 }, // u
    { 21, 22, 21, 0, 22, 242, 22101 }, // v
    { 30, 22, 30, 0, 22, 330, 22343 }, // w
    { 20, 22, 20, 0, 22, 220, 22673 }, // x
    { 21, 32, 21, 0, 22, 352, 22893 }, // y
    { 16, 22, 18, 1, 22, 176, 23245 }, // z
    { 11, 42, 13, 1, 36, 252, 23421 }, // {
    { 5, 39, 17, 6, 35, 117, 23673 }, // |
    { 12, 42, 13, 1, 36, 252, 23790 }, // }
    { 18, 6, 20, 1, 17, 54, 24042 }, // ~
};
const UnicodeInterval FiraSans20Intervals[] = {
    { 0x20, 0x7E, 0x0 },
};
const GFXfont FiraSans20 = {
    (uint8_t*)FiraSans20Bitmaps,
    (GFXglyph*)FiraSans20Glyphs,
    (UnicodeInterval*)FiraSans20Intervals,
    1,
    0,
    50,
    39,
    -12,
};
